ply
format ascii 1.0
comment VCGLIB generated
element vertex 1002
property double x
property double y
property double z
property double nx
property double ny
property double nz
property uchar red
property uchar green
property uchar blue
property uchar alpha
element face 2000
property list uchar int vertex_indices
end_header
10.00000070997734 -9.99999373296977 -24.99999709028043 0.5773505480299888 0.5773500622689158 0.5773501972698641 255 255 255 255 
10.00000520009331 29.99999668680775 -29.99999674901698 0.4111988117408553 0.7019600574943359 -0.5815218094839243 255 255 255 255 
-0.3612358136348774 -29.99999975186392 -29.99999528476851 1.969989837785762e-07 -0.7071072947572363 -0.7071062676154584 255 255 255 255 
9.999997975584208 29.99999861436598 25.00000569971602 0.6022175637816846 0.7786030106922278 -0.1763841195058419 255 255 255 255 
-50 -19.39610704652731 26.62293893757345 -0.9999999999969716 1.459616034357383e-07 2.456704800109994e-06 255 255 255 255 
25.84134615384615 -30 -13.26923076923076 0 -1 0 255 255 255 255 
-50 -15.46104138340833 -24.32681377582753 -0.9999999999999609 2.779786990715526e-07 -2.546953685336284e-08 255 255 255 255 
-49.9999781141674 -15.3193444262209 29.99999997244954 -0.5999982750444199 -4.499412798298638e-07 0.8000012937136529 255 255 255 255 
-35.895777847843 -13.59584047780492 30 0 0 1 255 255 255 255 
-21.60466233653738 -29.99999787413676 29.99999899053599 1.106980704959753e-07 -0.7071067238361269 0.7071068385369546 255 255 255 255 
-50 -16.95609509398502 9.31585682687345 -0.9999999999999991 3.995523168166378e-08 -1.11948286888788e-08 255 255 255 255 
-10.75013011102986 23.01406514703326 30 -2.985532809029636e-07 6.876515258230041e-07 0.999999999999719 255 255 255 255 
23.96859669011496 -2.885569445565459 -30 0 0 -1 255 255 255 255 
9.809027777777757 -30 -14.94791666666667 0 -1 0 255 255 255 255 
-24.140625 -30 7.546875000000007 0 -1 0 255 255 255 255 
4.072056507488121 29.99999943628833 -29.99999874160743 6.684601206381404e-08 0.7071067442732529 -0.707106818099837 255 255 255 255 
20.59210526315792 5.296052631578952 -25.00000095367432 0 0 1 255 255 255 255 
10 -6.166057406203748 -10.75865181230223 0.9999999999999983 5.681213351969137e-08 -4.865654911857923e-09 255 255 255 255 
10 24.67664533813598 -4.176306975412889 0.9999999999999952 9.604226016145145e-08 -7.306164978896064e-09 255 255 255 255 
-10.00000000000001 11.098425417082 16.65808926353537 -0.9999999999999998 -2.041822014458325e-10 -1.573091102498717e-08 255 255 255 255 
-50.00000090224975 -10.00000615328577 29.99999281532615 -0.812519743384533 0.3365555379181159 0.4759643227249081 255 255 255 255 
50.0000014423288 -10.00001100377537 -29.99999829138265 0.8125200183924907 0.336556692466464 -0.4759630368710372 255 255 255 255 
23.52482683896632 -27.03198237886092 -30 -1.184398817282597e-07 -3.991809550069253e-07 -0.9999999999999133 255 255 255 255 
-35.9375 -30 -15.4375 0 -1 0 255 255 255 255 
9.999986454477053 30.00000120678203 -25.00003949667783 0.3343330403147653 0.9218811674809988 0.1958482351152446 255 255 255 255 
-45.87599785215385 -5.876016149488439 -29.99999971841449 -0.5656851781075027 0.5656854494380736 -0.6000002096362363 255 255 255 255 
10 15.23940474761094 -0.4569753893451498 1 0 0 255 255 255 255 
-30.26329703052412 2.91381044065956 30 -3.350862468870713e-07 4.230105322937106e-07 0.9999999999998543 255 255 255 255 
-45.52872642506132 -11.42265098724559 30 -5.973347885925747e-07 2.624408469623208e-07 0.9999999999997872 255 255 255 255 
11.52328075538703 -20.30333656323298 30 0 0 1 255 255 255 255 
50 -16.30090859428592 -19.58856988209396 0.9999999999998691 5.116849640548879e-07 5.342901055574303e-09 255 255 255 255 
-37.08333333333334 -30 7.125 0 -1 0 255 255 255 255 
0.2065118286314274 30 -25.83667463757246 -7.05698227743417e-08 0.9999999999999734 -2.198184208880018e-07 255 255 255 255 
-42.17956111963736 -9.99999960291996 24.99999843980149 4.928654937849595e-07 0.4472145339333877 -0.89442672178245 255 255 255 255 
-33.18261282891323 -9.999998449691471 24.99999913536472 -1.969422878416155e-07 0.8574926352622246 -0.5144962395110452 255 255 255 255 
-41.92227709061144 -9.999998013796141 -25.00000035758943 2.440176561747669e-08 0.6000002359282449 0.7999998230537617 255 255 255 255 
-50.00000006948313 -23.34040765340167 -29.99999960300552 -0.7071068273667872 -1.791111684574723e-07 -0.7071067350062821 255 255 255 255 
50 -14.9055736888109 -25.54122094439182 0.9999999999999332 2.546200480578187e-07 2.625061706537135e-07 255 255 255 255 
25.07791439386074 -9.707045128245031 -30 0 0 -1 255 255 255 255 
-41.81206681033261 -1.812072479832139 -29.99999986024401 -0.50000034357025 0.4999996421390188 -0.7071067912914462 255 255 255 255 
35.18837338190586 4.81162553502422 -29.99999374012541 0.5656866612290617 0.5656856890289471 -0.5999985854444676 255 255 255 255 
12.7510967886168 27.24890205310881 25.0000012270782 0.3922326383805988 0.3922328848868704 -0.8320498310812384 255 255 255 255 
39.27132085259342 -10 -10.02921272082569 0 1 0 255 255 255 255 
-16.17107455795911 16.36644905387399 30 -1.772326638193077e-07 3.414173954388594e-07 0.9999999999999259 255 255 255 255 
-1.858552631578952 -5.11513157894737 30 0 0 1 255 255 255 255 
11.97324989732711 -24.92396175389737 30 -1.18875899372082e-09 -7.043480350030137e-08 0.9999999999999976 255 255 255 255 
10 16.89402518593182 -16.09297670640479 0.9999999999999934 7.387665655125292e-08 8.850101235440257e-08 255 255 255 255 
-10.00000000000001 0.8261846404433086 19.55178858106649 -0.9999999999999977 -8.913408964434013e-09 -6.722339204548874e-08 255 255 255 255 
-43.17775730893521 -7.93896756789432 30 -6.063391318898825e-08 1.744460442514383e-07 0.9999999999999829 255 255 255 255 
-17.15058232167689 -29.99999834771022 29.99999791746176 7.561257608147314e-08 -0.7071069252118144 0.7071066371612472 255 255 255 255 
-5.315487997822707 30 -9.04711358095421 -9.578289402991995e-08 0.999999999999995 2.780222456290122e-08 255 255 255 255 
-30.79458426472726 9.205415666506077 -29.99999861900612 -0.4999999972741883 0.5000002193033622 -0.7071066280430423 255 255 255 255 
10 10.997924681133 21.16837913778718 0.9999999999975998 1.286944187136708e-06 -1.773196802571631e-06 255 255 255 255 
-50 -25.77244794355163 -2.505383218043711 -0.9999999999997824 -6.046641612573505e-07 2.638153075547093e-07 255 255 255 255 
-24.74286325885875 15.25711995707793 29.99999981273402 -0.3922319108630799 0.3922322817099175 0.8320504583769717 255 255 255 255 
-23.20297064528961 2.327057752552243 30 0 0 1 255 255 255 255 
-26.10476772475332 -6.557258374066429 30 0 0 1 255 255 255 255 
50 -17.22197239068868 0.3639377635583791 0.9999999999999999 1.556125631031045e-08 9.165823825981739e-10 255 255 255 255 
4.556089480981633 24.78015873203842 -30 -9.883117824930062e-09 9.676166432988162e-08 -0.9999999999999952 255 255 255 255 
-29.82548271403333 -22.71887240796362 -30 0 0 -1 255 255 255 255 
31.71296296296295 -30 -5.868055555555561 0 -1 0 255 255 255 255 
38.85869565217391 -30 -2.364130434782609 0 -1 0 255 255 255 255 
26.72574626865672 8.90858208955224 25 1.610284115676448e-07 2.050209613335039e-07 -0.999999999999966 255 255 255 255 
14.17288691762441 -10 -20.18288542102515 4.647793768857861e-07 0.999999999999861 2.49232676542034e-07 255 255 255 255 
10.00000047573344 -9.999996109990029 7.585188567737752 0.6000004864683225 0.7999996351485007 -2.061510070573251e-07 255 255 255 255 
10 -5.10916149033886 -21.79257471645751 0.9999999999999976 3.811588370719293e-08 5.925058344149052e-08 255 255 255 255 
9.999999830303381 29.99999662685499 20.75992875426527 0.7071069491125171 0.7071066132605345 7.185419243496773e-08 255 255 255 255 
-46.3232703960991 -10 2.94828510288918 -2.302602854062296e-07 0.9999999999999726 -4.22757279698613e-08 255 255 255 255 
-19.57846142882943 -10 5.556910110257263 0 1 0 255 255 255 255 
-9.999999999999993 -6.05159518206948 -18.90611697567632 -0.9999999999999144 3.373067740724357e-07 -2.393325611291662e-07 255 255 255 255 
-10 5.72199297914274 -22.25784159619097 -0.9999999999999876 -6.211315094321991e-08 1.446651312963227e-07 255 255 255 255 
-9.999999999999993 19.75363141957876 8.367898518532328 -1 -2.031024505965071e-16 -2.006024641366256e-16 255 255 255 255 
-50 -25.66744829829358 -26.4454124592975 -0.9999999999995204 -9.610371957189896e-07 1.891655210458756e-07 255 255 255 255 
-50 -14.48052817573018 27.61878158171575 -0.9999999999945043 -1.132981591188672e-06 3.115749703695426e-06 255 255 255 255 
-49.99999893200863 -23.60033125519221 29.9999992545869 -0.7071064166947791 4.67990007324755e-07 0.7071071456779732 255 255 255 255 
3.167046692645513 29.99999942229906 29.99999048181574 5.359493802109882e-07 0.8944267987698608 0.4472143799588872 255 255 255 255 
-6.15566215305239 10.62845756204923 30 0 0 1 255 255 255 255 
-6.804583066580591 -22.67752365888923 30 0 0 1 255 255 255 255 
-33.11411286037998 -24.52313528116159 30 5.555283564801312e-09 -8.324174571355142e-08 0.9999999999999964 255 255 255 255 
50 -14.74340627467334 22.56370865203839 0.9999999999997724 5.770618365867938e-07 -3.491330483146237e-07 255 255 255 255 
49.99999782656636 -29.99999959787929 -22.43493862380845 0.7999996569353969 -0.6000004574191978 -2.862621738058708e-08 255 255 255 255 
49.99999791730382 -10.00000114616153 -5.635855293257549 0.5547001867189176 0.8320503006753843 8.679147075627173e-09 255 255 255 255 
49.99999133109507 -10.00000026993499 -18.57121886429686 0.5999996528570134 0.8000002603570959 -2.056405476111186e-07 255 255 255 255 
-3.524547867334761 29.99999651191146 -29.99999921937466 -6.243501555331175e-07 0.5999996604780107 -0.8000002546411358 255 255 255 255 
13.37345948732751 6.061873352244021 -30 0 0 -1 255 255 255 255 
-25.61342592592592 -0.1273148148148096 -30 0 0 -1 255 255 255 255 
-11.49309371903974 -21.70086039265613 -30 0 0 -1 255 255 255 255 
7.24495332889451 -21.80566501152534 -30 0 0 -1 255 255 255 255 
5.404533642394 -29.99999958543641 -29.99999571494767 -5.480720893401579e-08 -0.7071071150130416 -0.7071064473598938 255 255 255 255 
-44.21575481811971 -29.99999823161031 -29.999998890241 -4.607116739599351e-08 -0.5144959559871792 -0.8574928053767193 255 255 255 255 
14.84374999999999 -30 -25.20833333333334 5.832345940018144e-09 -0.999999999999999 -4.509961262564618e-08 255 255 255 255 
-5.749528386498419 30 21.60984208997341 -2.924888062474833e-07 0.9999999999999469 1.438171589352739e-07 255 255 255 255 
-39.85195303482539 0.148045897236841 29.99999714290573 -0.3638036086282447 0.3638037702085892 0.8574927119988152 255 255 255 255 
-33.97177419354839 0.1411290322580605 25 -7.285280965973642e-08 2.682154549991722e-08 -0.999999999999997 255 255 255 255 
46.11729836712234 -6.117325613223748 25.00000005658029 0.3922329772285711 0.3922332880790794 -0.8320494812792597 255 255 255 255 
10 -2.91770447176636 -4.87829653712928 0.9999999999999979 5.077534230970436e-08 -3.780233563719963e-08 255 255 255 255 
-37.29138181481249 -10 -0.9132161957948988 0 1 0 255 255 255 255 
-10.00000000000001 18.67630293113737 -12.47190616202586 -1 -3.467425146022169e-17 4.328927320643215e-16 255 255 255 255 
-38.48930556295419 -6.512325918547042 30 -6.389854338352109e-08 1.299167063127116e-07 0.9999999999999895 255 255 255 255 
6.442025352583933 -26.05589428251258 30 6.120141879086184e-09 -8.081524316920921e-08 0.9999999999999967 255 255 255 255 
25.3254552122507 -21.35668363520863 30 0 0 1 255 255 255 255 
49.99999898366077 -15.3107392292249 29.99999958824148 0.4472135049656814 1.144270390542858e-06 0.8944272362663166 255 255 255 255 
-16.88920454545455 -4.41761363636363 -30 0 0 -1 255 255 255 255 
3.961841594548972 30 -13.2056343508769 2.43172084706474e-07 0.9999999999999696 -4.230275724929168e-08 255 255 255 255 
47.19852624772493 -10 12.23225257149693 4.639611964134505e-08 0.9999999999999989 -5.343730673950232e-09 255 255 255 255 
-49.9999972001494 -10.00000057589761 -11.59205878599838 -0.7999995160621779 0.6000006452496643 -5.174461829040239e-07 255 255 255 255 
-43.10199386529332 -10 -9.992895783157451 -2.68125683999999e-08 0.9999999999999994 -8.894470221031159e-09 255 255 255 255 
-30.18500134602608 -10 -15.88971204685652 0 1 0 255 255 255 255 
-50 -25.79901033454574 -18.50667959289379 -0.9999999999994996 -9.570945930953332e-07 -2.912921333394784e-07 255 255 255 255 
-50 -24.0645114753163 25.79037264171379 -0.999999999999896 -4.555042803582112e-07 2.676349891515939e-08 255 255 255 255 
34.36011904761905 -2.663690476190471 30 1.554647119037388e-07 1.017358461048994e-07 0.9999999999999828 255 255 255 255 
-19.78162469254204 -24.93076060486818 30 3.630095350280192e-08 -1.581784661296538e-07 0.9999999999999868 255 255 255 255 
-25.80060941111135 -26.24159730556295 30 -7.854483447508691e-09 -1.322596018622224e-07 0.9999999999999912 255 255 255 255 
-6.051553694650373 -28.15772763266622 30 -2.479211087776405e-07 -2.795703872522903e-06 0.9999999999960614 255 255 255 255 
3.578657063231503 19.62664152247356 -30 0 0 -1 255 255 255 255 
-5.558035714285708 15.82589285714286 -30 0 0 -1 255 255 255 255 
-45.17336318374468 -16.2201606459821 -30 -8.118903131480262e-08 1.585970871093584e-08 -0.9999999999999967 255 255 255 255 
29.72571297855274 -26.78857806500642 -30 1.314569221939849e-08 -1.986036182308321e-07 -0.9999999999999801 255 255 255 255 
6.69187687636321 -25.75697072633233 -30 -4.205139530691133e-08 -4.741350318310236e-07 -0.9999999999998868 255 255 255 255 
21.24999999999999 -30 25.00000000000001 7.557384880264815e-09 -0.9999999999999994 3.403796095634757e-08 255 255 255 255 
-5.388071242627611 30 -20.64501773662754 -5.648397405310245e-08 0.9999999999999982 1.509086357026283e-08 255 255 255 255 
-12.83088235294118 -3.97058823529412 25 -9.448167876922676e-07 1.506329680770484e-07 -0.9999999999995423 255 255 255 255 
-18.125 -6.266891891891891 -25.00000095367432 4.744704432328543e-09 2.088425243179266e-08 0.9999999999999997 255 255 255 255 
10 3.525750340886617 -16.77837328599356 0.9999999999999999 -3.484844195725936e-09 1.336919195287339e-08 255 255 255 255 
10 8.625321233832018 8.495713647442948 1 0 0 255 255 255 255 
-50 -19.63939591772076 -26.10423459933759 -0.9999999999999999 1.065076666410606e-08 -9.220125514899901e-09 255 255 255 255 
15.20220588235294 -7.959558823529409 30 0 0 1 255 255 255 255 
-9.93990384615384 7.487980769230766 -30 0 0 -1 255 255 255 255 
-43.09895833333333 -30 5.546875 -6.884454256015872e-10 -1 -4.542356391281855e-11 255 255 255 255 
-3.534998898136223 30 26.04550480265151 -1.562696534836349e-07 0.9999999999998975 4.245950644878782e-07 255 255 255 255 
4.353145789535198 30 2.329821283488727 3.352741090565922e-07 0.9999999999999281 -1.773241584608567e-07 255 255 255 255 
-10.00000633961075 8.81636418658146 24.99999916132521 -0.4472137994554113 -2.202938800622582e-07 -0.894427089022133 255 255 255 255 
10.00000265131511 -9.999973167876039 24.99999946275835 0.6882465513537976 0.2294170169084612 -0.6882474241887342 255 255 255 255 
9.999999723436311 29.99999780856496 13.05653486485547 0.7071068106966183 0.7071067516764734 -5.395548599785028e-08 255 255 255 255 
-49.99999981256155 -10.00000768796986 13.62393746225604 -0.7071073542506385 0.7071062081219913 -3.592087098586369e-08 255 255 255 255 
-27.07124713654535 -9.999997854549949 -25.00000075813658 1.253383059096798e-07 0.5144958443639208 0.8574928723506922 255 255 255 255 
-10 14.72218089850411 12.07460808074396 -1 9.279883898512455e-16 -3.647768551684606e-16 255 255 255 255 
-10.00000009459765 -9.99999609202883 -20.84940725363853 -0.7071072152667374 0.7071063471059954 3.680175989184752e-07 255 255 255 255 
1.739085264192163 18.87543084660903 30 0 0 1 255 255 255 255 
-10.44420257224587 8.489481715638128 30 0 0 1 255 255 255 255 
-45.1667412353836 -29.9999976533811 29.99999952606528 -3.469689727478751e-07 -0.707106524756182 0.7071070376167349 255 255 255 255 
49.9999995419178 -19.21259846456995 -29.99999718214672 0.7071070122285175 -1.715945664107452e-07 -0.7071065501444813 255 255 255 255 
49.99999314631417 -29.99999908441713 -29.99999305014143 0.3333338258566036 -0.6666667240214315 -0.6666663630500134 255 255 255 255 
10.0194081875366 20.51990109915841 -30 0 0 -1 255 255 255 255 
-9.99999024054285 30.00000125655043 29.99998537508792 -0.2055988445972405 0.7871220928228407 0.5815220770447765 255 255 255 255 
5.919211197101632 30 11.58841427915264 2.343558658296099e-07 0.9999999999999682 9.286942799506358e-08 255 255 255 255 
-23.83763424244822 16.16236191878784 25.00000113259408 -0.5656851869918503 0.5656853919866386 -0.6000002554257111 255 255 255 255 
-37.27582000384028 2.724178377155241 -25.00000282159792 -0.588348607977469 0.5883484085645188 0.5546999780336869 255 255 255 255 
24.50916340849577 15.49083094702427 -25.00000106331657 0.3922321991995954 0.3922323028359189 0.8320503124950323 255 255 255 255 
19.84908092276467 20.15091824719639 25.00000217146446 0.4242642918722844 0.4242642843255917 -0.7999997673048429 255 255 255 255 
10 -0.3997516271502199 -10.37878549645477 1 -2.050916562339842e-16 -3.438428549550758e-16 255 255 255 255 
-10 4.325957417921437 5.607890460913637 -1 -2.121887764110628e-16 2.006872379461533e-16 255 255 255 255 
-22.26351351351351 2.077702702702702 -25.00000095367432 0 0 1 255 255 255 255 
10 -2.962644656296781 10.82904790765607 0.9999999999999998 2.276447787854078e-08 5.444314792954424e-09 255 255 255 255 
10 26.37778569586576 16.45952809418041 0.9999999999999994 3.421583026130008e-08 8.486379130096929e-10 255 255 255 255 
-34.09926470588235 -30 20.12867647058825 0 -1 0 255 255 255 255 
29.0892662837387 -10 16.19545691538336 0 1 0 255 255 255 255 
-10 6.111882583524569 19.38102205074197 -0.9999999999999147 1.071524544099926e-07 -3.990161601695169e-07 255 255 255 255 
20 3.125000000000007 30 0 0 1 255 255 255 255 
22.09876009268972 11.98876422059324 -30 9.650881760917897e-08 8.324694038247514e-08 -0.9999999999999919 255 255 255 255 
-17.26562499999999 1.828125 -30 0 0 -1 255 255 255 255 
-4.218750000000007 -30 19.31250000000001 0 -1 0 255 255 255 255 
-23.828125 10.5625 -25.00000095367432 -8.121683695053884e-08 7.53839641061672e-08 0.9999999999999938 255 255 255 255 
46.95844803864634 -10 4.791218574196087 1.123960663860552e-07 0.9999999999999928 -4.152560671676842e-08 255 255 255 255 
49.99999316066636 -10.00000009398668 15.12975694512117 0.7071063425092529 0.7071072198635047 3.040614119940023e-07 255 255 255 255 
10 9.946284301871437 -8.910471223249271 1 0 0 255 255 255 255 
10 2.260291164543283 7.822382328186897 1 0 0 255 255 255 255 
-10 15.32771308475225 -18.18543889113003 -0.9999999999999925 4.617722274389536e-08 1.135545539453115e-07 255 255 255 255 
-50 -19.94263022614184 -1.895886473472078 -1 0 0 255 255 255 255 
38.11234253893139 -15.43785943927783 30 0 0 1 255 255 255 255 
-6.4375 18.75000000000001 -30 0 0 -1 255 255 255 255 
-38.54426613237974 -14.31377694816424 -30 0 0 -1 255 255 255 255 
36.91481626920989 -26.64460683605426 -30 1.132181060810209e-08 -1.917369369574674e-07 -0.9999999999999816 255 255 255 255 
-11.64062500000001 -30 -21.234375 8.92039615036968e-09 -0.9999999999999998 -1.794123200691405e-08 255 255 255 255 
32.37847222222221 -30 26.30208333333333 -6.142350585886498e-09 -0.9999999999999453 3.308661257858225e-07 255 255 255 255 
-10.00000152098425 29.99999571434776 24.99999244819396 -0.6022175872632582 0.7786026820227799 -0.1763854901565147 255 255 255 255 
1.095274001207017 30 -20.52516935670175 0 1 0 255 255 255 255 
29.72218864242599 10.27780942683044 -25.00000272140154 0.5000001278742975 0.4999987856196757 0.7071075494608552 255 255 255 255 
10 14.077302901092 10.16445236848912 1 4.357723528944571e-16 1.181882246375462e-16 255 255 255 255 
-39.95750802922017 -10 5.594547034406823 0 1 0 255 255 255 255 
-31.91250894717396 -1.951619067164248 30 -8.439521028590021e-08 6.965949264559714e-08 0.9999999999999939 255 255 255 255 
-31.66460723147348 -8.554833150556501 30 0 0 1 255 255 255 255 
9.340277777777793 -6.840277777777771 30 0 0 1 255 255 255 255 
-17.42788461538462 -30 5.408653846153847 0 -1 0 255 255 255 255 
-9.999999999999993 18.58646701195117 19.89520631618294 -0.9999999999998843 -1.496482887600687e-07 -4.571160827621847e-07 255 255 255 255 
-10.00000000000001 -5.897103499182581 -9.93768908151457 -0.9999999999993758 9.811330540110987e-07 5.344562409969881e-07 255 255 255 255 
-27.69886363636364 -16.78977272727273 30 0 0 1 255 255 255 255 
-27.39182692307692 -22.39182692307692 30 0 0 1 255 255 255 255 
43.40237174775918 -16.5180609739954 30 2.426662129511898e-08 3.811151985957893e-09 0.9999999999999997 255 255 255 255 
49.99999999999999 -14.11966628484376 10.5080997183752 0.9999999999998505 5.238133355446365e-07 1.568953078274354e-07 255 255 255 255 
22.15401785714286 -17.06473214285714 -30 0 0 -1 255 255 255 255 
-23.37171052631579 -8.338815789473681 -30 0 0 -1 255 255 255 255 
-26.62586614853612 -17.15101252522784 -30 0 0 -1 255 255 255 255 
31.51041666666667 -30 -23.90625 0 -1 0 255 255 255 255 
-17.81250000000001 -30 -15.5625 0 -1 0 255 255 255 255 
9.16666666666665 -30 17.6875 0 -1 0 255 255 255 255 
-5.016766040976989 30 -4.130309379825341 -1.126276681513033e-07 0.9999999999999936 1.614806812517055e-10 255 255 255 255 
21.09375 -6.09375 -25.00000095367432 4.975724224692668e-08 2.083760111981579e-07 0.999999999999977 255 255 255 255 
34.89881073856834 -10 -6.640625603497021 0 1 0 255 255 255 255 
44.57416676672347 -10 -1.627738830796272 1.157973472760492e-07 0.999999999999993 -2.121947187775065e-08 255 255 255 255 
9.999999999999993 18.90876052030335 12.39022513087857 1 -6.693161309091208e-17 -2.906918237454269e-17 255 255 255 255 
-30.61330409397167 -10 -0.1514170827530599 0 1 0 255 255 255 255 
-12.76050631104052 -10 -5.212281484778629 -3.327091262130987e-07 0.9999999999999417 -7.770532519727346e-08 255 255 255 255 
-13.25334607973413 -10 3.602551950896363 -2.17425490029486e-07 0.9999999999999761 2.309684590497888e-08 255 255 255 255 
-50 -18.7218225940407 -12.32537290161888 -0.9999999999999958 9.099978427936525e-08 8.554850196592487e-09 255 255 255 255 
-49.99999679533541 -29.99999980332299 -4.087959983817189 -0.5999997648501549 -0.8000001763622895 2.545054059087693e-07 255 255 255 255 
-50 -22.17507233372976 -8.16336661275 -1 0 0 255 255 255 255 
50 -25.78520753279211 4.280153100118888 0.9999999999999896 -1.365223286690848e-07 -4.896397672372961e-08 255 255 255 255 
50 -21.53340653747104 -22.64581951881618 0.9999999999999997 -3.741785737415813e-09 -2.609630161431632e-08 255 255 255 255 
30.41004549024676 3.895867507238073 -30 4.487806901140544e-07 2.364294039708493e-07 -0.9999999999998712 255 255 255 255 
25.36809249177098 4.330052126476282 -30 0 0 -1 255 255 255 255 
2.63020833333335 3.723958333333329 -30 0 0 -1 255 255 255 255 
2.604166666666657 -30 -25.17857142857143 6.004958888545488e-09 -0.9999999999999997 -3.033452754245447e-08 255 255 255 255 
-7.700892857142861 -30 9.174107142857153 0 -1 0 255 255 255 255 
-34.5703125 -30 1.7578125 0 -1 0 255 255 255 255 
1.062604220796523 30 10.17866393325087 6.334996801217483e-09 1 -3.311691664835932e-09 255 255 255 255 
-25.68452380952381 6.259920634920633 -25.00000095367432 -1.108128597638349e-07 7.055047841856289e-08 0.9999999999999913 255 255 255 255 
38.18117469872595 -10 18.33487626756065 0 1 0 255 255 255 255 
9.999999999999993 8.81489192113262 -20.81439481291635 0.9999999999999928 -9.968950275966231e-08 6.542662197947045e-08 255 255 255 255 
10 -5.39012955253969 3.272059781387 0.999999999999995 8.378619478424578e-08 5.595742713574278e-08 255 255 255 255 
10 18.44041336909494 -9.18071684402204 1 0 0 255 255 255 255 
-26.9299966369314 -10 5.027736390503051 0 1 0 255 255 255 255 
-16.89826051774386 -10 12.63081904617562 -2.199068432759974e-08 0.9999999999999997 -6.69692958906396e-10 255 255 255 255 
-10.00000412154912 -9.99999954781676 11.1829434513052 -0.5999998987781944 0.8000000759163437 -2.43115270833636e-08 255 255 255 255 
-10.00001089596068 -9.99999989729422 -10.810206592223 -0.5999994818422479 0.8000003886180089 2.618159214449277e-07 255 255 255 255 
-9.999999999999993 0.09406646533478025 12.93529223185807 -1 2.480153631851538e-17 -3.501624631711235e-16 255 255 255 255 
-10 2.858323538139068 -0.8201224438836405 -1 0 0 255 255 255 255 
-9.999999660758327 29.99999591529996 6.162188743519238 -0.7071072665494872 0.7071062958229003 -7.275903567627425e-07 255 255 255 255 
-49.99999193325054 -29.999999780559 0.1585638825344091 -0.8320493769460297 -0.5547015723048306 2.504500672376944e-06 255 255 255 255 
-46.36241019187774 -19.98587320680835 30 -6.550403564015346e-08 -1.65996353264018e-08 0.9999999999999977 255 255 255 255 
-49.99999939066966 -29.9999951057155 29.9999962616245 -0.6666669246869129 -0.3333339628758286 0.6666660938745794 255 255 255 255 
13.53124999999999 12.59375 30 0 0 1 255 255 255 255 
12.30769230769231 5.769230769230766 30 0 0 1 255 255 255 255 
-24.84375 -11.51041666666666 30 0 0 1 255 255 255 255 
29.19642857142857 -11.42857142857143 30 0 0 1 255 255 255 255 
0.4474775295462194 -25.92923578061341 30 1.144880644263578e-08 -7.165739745703356e-08 0.9999999999999973 255 255 255 255 
44.17401027785628 -25.67102120259383 30 1.150405446474594e-07 -2.214067201436333e-07 0.9999999999999689 255 255 255 255 
37.73048277938737 -29.99999878308195 29.9999987365762 -3.485030161739305e-08 -0.7071067356922609 0.7071068266808304 255 255 255 255 
27.79616424603067 12.20383381878931 -29.99999829673913 0.5000002764078616 0.5000002998006156 -0.707106373745391 255 255 255 255 
44.93667112006915 -25.61252311394102 -30 6.122983761297488e-07 -2.106685511997196e-07 -0.9999999999997904 255 255 255 255 
7.770521109399439 9.816439312508969 -30 0 0 -1 255 255 255 255 
-17.71875000000001 16.84375 -30 -2.855604770907449e-08 1.703084120562206e-08 -0.9999999999999994 255 255 255 255 
-22.4117357360931 -18.03363068148888 -30 0 0 -1 255 255 255 255 
-34.25512221394405 -18.80367235359062 -30 0 0 -1 255 255 255 255 
-19.99272893898578 -29.99999827379903 -29.99999890617496 -5.49374697365e-07 -0.5547021870752959 -0.8320489671008441 255 255 255 255 
7.161458333333343 -30 1.562500000000011 0 -1 0 255 255 255 255 
-1.420454545454547 -30 -9.71590909090909 0 -1 0 255 255 255 255 
-18.41517857142857 -30 -11.45089285714286 0 -1 0 255 255 255 255 
8.293269230769219 -30 21.12980769230769 0 -1 0 255 255 255 255 
-15.26988636363636 -30 21.98863636363637 0 -1 0 255 255 255 255 
-21.73295454545455 -30 19.51704545454545 0 -1 0 255 255 255 255 
-29.91477272727273 -4.51704545454546 25 9.848552293832823e-09 4.018024156457699e-08 -0.9999999999999991 255 255 255 255 
-10.00000048421037 -3.213989865250969 24.99999249919311 -0.8320507242300796 1.753289349269773e-07 -0.5546995513863062 255 255 255 255 
-19.28315580598659 20.71684170395808 -25.00000273260517 -0.5000001993224457 0.5000006576993336 0.7071061751800419 255 255 255 255 
10.00000055520475 23.84004898505626 -24.99999771211776 0.7999999967899226 1.975396671734064e-06 0.6000000042768513 255 255 255 255 
34.89100446088695 5.108993315316297 29.9999990285225 0.3922324268127336 0.3922324309884469 0.8320501447854491 255 255 255 255 
20.8308801713569 19.16911811077305 29.99999958467824 0.5000000121260999 0.4999997508933763 0.7071069487570193 255 255 255 255 
15.16055732758723 24.83943969610865 29.99999897321413 0.5656849695011739 0.5656855310019222 0.6000003294128509 255 255 255 255 
20.8234126984127 -5.36706349206349 25 1.190983170339192e-07 1.400663724576419e-06 -0.999999999999012 255 255 255 255 
14.65561224489797 12.48724489795918 25 7.300425286518806e-09 -4.157054867998009e-09 -1 255 255 255 255 
-33.50262508574562 -10 5.420051018530927 0 1 0 255 255 255 255 
-10.23153954592412 16.23574928298216 30 0 0 1 255 255 255 255 
-16.30434782608697 -30 12.35054347826087 0 -1 0 255 255 255 255 
-5.352349982637847 30 9.239280958325608 -2.94285482121338e-07 0.999999999999952 -9.578957581729893e-08 255 255 255 255 
42.43429465666161 -10 -18.01794031583086 7.370466641084294e-09 0.9999999999999991 4.109964083724302e-08 255 255 255 255 
9.999999999999993 -2.001184032273748 -15.32779535178676 1 4.241252693221162e-17 1.084515996790013e-16 255 255 255 255 
10 24.30418438647192 -10.98979924004373 0.999999999999995 9.854305753649981e-08 2.000664291072858e-08 255 255 255 255 
-17.64803057803642 -10 -12.24884280746268 -8.234802136123461e-09 1 5.151275321784018e-09 255 255 255 255 
-10 6.554599196736802 -17.52801148204338 -1 2.270671868486063e-16 1.523749076307257e-16 255 255 255 255 
-50 -14.70516949776414 -4.692476211711021 -0.9999999999999716 2.11705495584201e-07 -1.089934966936118e-07 255 255 255 255 
24.42187500000003 -8.703125 30 0 0 1 255 255 255 255 
35.9375 -30 12.79411764705883 0 -1 0 255 255 255 255 
-22.36328125 -30 -19.16015625 0 -1 0 255 255 255 255 
-9.999996214519797 29.99999978866318 14.01144846659559 -0.7071067202854743 0.7071068420876153 -1.801049884988501e-08 255 255 255 255 
36.89081607953196 -10 -19.87300460860753 3.5426279488891e-09 0.9999999999999813 1.929588926006764e-07 255 255 255 255 
26.25667370271979 -10 2.227619958730664 0 1 0 255 255 255 255 
20.54505664280639 -10 12.99382725425951 0 1 0 255 255 255 255 
10 11.35021184139137 3.602911747954053 1 0 0 255 255 255 255 
10 15.86972238262506 17.84146552132673 0.9999999999999992 -2.843491209852891e-08 -2.29310826887292e-08 255 255 255 255 
-33.89376195020661 -10 13.56459722660389 0 1 0 255 255 255 255 
-6.2890625 -0.3515625 30 0 0 1 255 255 255 255 
50 -14.68829662016762 -5.930105428247028 0.9999999999999872 1.602478005566237e-07 3.320639440901968e-09 255 255 255 255 
5.659722222222229 -0.1041666666666714 -30 0 0 -1 255 255 255 255 
-6.886574074074083 -30 23.36805555555556 -1.578267292928826e-10 -1 -5.425510808814008e-10 255 255 255 255 
27.70833333333333 3.906250000000007 -25.00000095367432 3.086525341281122e-08 8.33398788449413e-08 0.999999999999996 255 255 255 255 
18.99621212121214 9.829545454545453 25 2.963764514846568e-10 1.108961798736316e-10 -1 255 255 255 255 
46.75055617403747 -10 -12.88587472138714 3.672528994207201e-08 0.9999999999999992 5.677283721673574e-09 255 255 255 255 
38.64894438763426 -10 7.408935668033429 0 1 0 255 255 255 255 
33.51802370762252 -10 21.36716243820639 1.696554504089775e-07 0.9999999999997257 -7.211168425754346e-07 255 255 255 255 
14.36399046719583 -9.999999975097271 24.99998066029951 4.83508873194786e-07 0.7071078889425921 -0.7071056734286023 255 255 255 255 
10 22.94741969779181 12.75680788854439 1 -5.752120363567983e-16 -1.238203796649183e-16 255 255 255 255 
-43.86735474003262 -10 -5.015157605331702 -9.046287303215837e-08 0.9999999999999956 2.994497167135525e-08 255 255 255 255 
-36.06884249449719 -10 -5.66406308487058 0 1 0 255 255 255 255 
-14.20360237964194 -10 19.16015146771366 -7.329578428711155e-08 0.9999999999999947 -7.182047561837777e-08 255 255 255 255 
-10 12.22325543110803 7.3178004317841 -1 5.064734597059231e-16 -3.156151567613863e-16 255 255 255 255 
-10.00000557925092 -9.999999819461639 -15.31085129705638 -0.5999998185368871 0.8000001360972238 -3.546086133186791e-07 255 255 255 255 
-10 -1.173989618933291 -20.84338982278746 -0.9999999999999994 2.040958791094932e-09 3.370942352714016e-08 255 255 255 255 
-10 26.70978029786482 -18.08710169548571 -0.9999999999999831 7.056210361281298e-08 1.69352804660625e-07 255 255 255 255 
-50 -26.86577283705613 14.1787944742739 -0.9999999999999517 -3.054955226704202e-07 -5.665804854734645e-08 255 255 255 255 
-49.99999992003137 -29.99999494226764 20.82227139159336 -0.7999999667242472 -0.6000000443676207 2.375686479470527e-07 255 255 255 255 
-50 -14.22450545220123 -17.00185390335863 -0.9999999999989025 1.473093369039836e-06 -1.582143287997301e-07 255 255 255 255 
-49.99999830710826 -10.00000113908564 24.99997615904302 -0.7890836779023638 0.5762279987984212 -0.212857329375442 255 255 255 255 
18.94345238095239 9.538690476190482 30 1.287506484470141e-08 7.07757515540906e-09 0.9999999999999999 255 255 255 255 
-39.70910805644082 -20.88388678331556 30 0 0 1 255 255 255 255 
-8.249999999999993 -15.25 30 0 0 1 255 255 255 255 
2.24431818181818 9.176136363636367 -30 0 0 -1 255 255 255 255 
-16.24080882352941 10.79963235294118 -30 0 0 -1 255 255 255 255 
32.36607142857143 -21.11607142857142 -30 0 0 -1 255 255 255 255 
-16.33223684210526 -9.983552631578949 -30 0 0 -1 255 255 255 255 
26.05009668015926 -29.99999878689172 -29.99999896734687 -1.212171960302397e-07 -0.7071068500856847 -0.7071067122873932 255 255 255 255 
37.50000000000001 -30 -21.42857142857142 0 -1 0 255 255 255 255 
46.4583333333333 -30 9.437499999999993 2.563932698864583e-07 -0.999999999999963 -8.97306357150214e-08 255 255 255 255 
34.83072916666667 -30 0.9375 0 -1 0 255 255 255 255 
13.45108695652172 -30 3.057065217391298 0 -1 0 255 255 255 255 
-16.75000000000001 -30 -24.7875 2.019116594054517e-08 -0.9999999999999919 -1.257548742912123e-07 255 255 255 255 
-39.53125 -30 -22.59375 0 -1 0 255 255 255 255 
-45.21484375 -30 -21.85546875 -6.711221705899696e-09 -1 2.843017382206126e-09 255 255 255 255 
-35.32608695652174 -30 -2.608695652173921 0 -1 0 255 255 255 255 
-39.43452380952381 -30 11.38392857142858 0 -1 0 255 255 255 255 
-15.1075791413484 24.89242024796512 25.00000227854451 -0.5883488691880346 0.5883471384261575 -0.5547010481610007 255 255 255 255 
-14.1571821720909 25.84281580470363 29.9999987297907 -0.5883477914805526 0.5883489054318581 0.5547003170515503 255 255 255 255 
-40.91188524590164 -5.604508196721309 25 -1.840969769558917e-07 3.097898112245381e-07 -0.9999999999999351 255 255 255 255 
-35.43478260869565 -4.877717391304341 25 -3.080066555842204e-08 1.606041558553914e-07 -0.9999999999999867 255 255 255 255 
-27.73220574955951 12.26778972859401 -29.99999925554689 -0.499999964644383 0.500000083519864 -0.7071067471292753 255 255 255 255 
-14.51388888888889 -7.476851851851851 -25.00000095367432 4.052932527763901e-08 5.8118844146838e-07 0.9999999999998304 255 255 255 255 
-22.66522988505747 -4.40373563218391 -25.00000095367432 2.431446939682517e-09 1.206199717273409e-08 0.9999999999999998 255 255 255 255 
46.79408488692947 -6.794086726007372 -25.00000173742854 0.4999997874648956 0.5000007705614115 0.7071063866017998 255 255 255 255 
14.48369565217391 -6.956521739130441 25 -1.443418159940582e-06 3.226569019632281e-06 -0.9999999999937529 255 255 255 255 
23.95555555486153 -10 8.672366978902083 0 1 0 255 255 255 255 
10 9.734205504062693 14.3294964758441 1 0 0 255 255 255 255 
-50 -15.72226844272426 2.311319187155803 -0.9999999999999989 4.674188314461691e-08 1.309961501477667e-08 255 255 255 255 
16.08072916666666 -30 -12.1484375 0 -1 0 255 255 255 255 
-20.85833333333334 8.908333333333331 25 -3.944990836618332e-08 2.36380761031545e-08 -0.999999999999999 255 255 255 255 
23.89602803738318 9.375 -25.00000095367432 9.897167030000381e-08 3.244408959906029e-08 0.9999999999999946 255 255 255 255 
16.95426653696353 -9.999999668965671 -24.99999800097575 1.211062239130438e-07 0.7999999257261857 0.6000000990317275 255 255 255 255 
25.74967876616799 -10 -15.92673919057167 0 1 0 255 255 255 255 
36.04138198830319 -10 13.61975937855762 0 1 0 255 255 255 255 
20.78564676820413 -9.999999676655129 24.99999210825791 6.340776353276542e-07 0.8000002292171262 -0.5999996943767084 255 255 255 255 
-42.43763140920768 -10 20.8871131137758 -2.394290511829384e-07 0.9999999999999689 -7.068040271661199e-08 255 255 255 255 
-39.20320726019982 -10 -12.61972654373522 0 1 0 255 255 255 255 
-38.17779451203256 -10 -18.07373075371659 3.400915282518923e-08 0.999999999999997 6.996706382300617e-08 255 255 255 255 
-10 25.86674728414994 -11.57780576084218 -0.9999999999999455 3.299712347734499e-07 -1.331321585294484e-08 255 255 255 255 
-50 -24.68740426094998 2.160051165303621 -0.9999999999973995 -2.241491064507596e-06 4.203304437284389e-07 255 255 255 255 
1.377554465754123 23.92270640152653 30 -2.132435045592326e-08 5.44751462004088e-07 0.9999999999998513 255 255 255 255 
0.6071428571428612 10.67857142857144 30 0 0 1 255 255 255 255 
50 -17.61030044678786 -14.39620760757155 1 -6.601615921288652e-16 1.802256266924738e-16 255 255 255 255 
12.97297297297298 -8.648648648648649 -30 0 0 -1 255 255 255 255 
-34.375 -30 15.93750000000001 0 -1 0 255 255 255 255 
-10.00000570664897 18.46510747896374 24.99999982015353 -0.5547001615513362 2.686102298646276e-08 -0.8320503174537709 255 255 255 255 
-15.04934210526316 13.76644736842105 25 -5.532598090232306e-07 -6.800239663991518e-08 -0.9999999999998446 255 255 255 255 
-19.44444444444445 14.0625 25 -1.166242394201439e-07 2.87062706651929e-08 -0.9999999999999928 255 255 255 255 
-12.60775862068966 -4.073275862068961 -25.00000095367432 -6.721109696676869e-07 -4.470899309093691e-08 0.9999999999997732 255 255 255 255 
-16.89858490566037 -2.27594339622641 -25.00000095367432 0 0 1 255 255 255 255 
10.00000088115895 18.95068324209868 24.99999575127193 0.8000000619479994 -1.570587581504051e-08 -0.5999999174026582 255 255 255 255 
30.88154147475268 -10 10.35218489582585 0 1 0 255 255 255 255 
10 7.60002510138218 -3.292026402034029 1 0 0 255 255 255 255 
10 -1.50584265936428 0.6036048641236818 0.9999999999999986 4.888964801455012e-08 2.625744380230556e-08 255 255 255 255 
-10 -4.141070443120419 0.3170944313036586 -1 8.646681849998514e-09 -5.522095313975314e-10 255 255 255 255 
-10.00000015578011 -9.999997546198269 2.61046973677837 -0.8000000683616868 0.5999999088510688 -7.628106896241343e-08 255 255 255 255 
-50 -17.48316641188479 22.41160602070913 -0.9999999999999971 7.671509574376458e-08 6.969503016125681e-09 255 255 255 255 
23.64583333333334 7.118055555555557 30 3.108506024039712e-08 3.115107402666473e-08 0.999999999999999 255 255 255 255 
50 -21.11879745260029 22.9108084837184 0.9999999999999977 -2.302219385565664e-08 6.392530258063806e-08 255 255 255 255 
-6.605654202745377 -17.28217746874095 -30 0 0 -1 255 255 255 255 
-39.43014705882353 -30 1.268382352941192 0 -1 0 255 255 255 255 
-2.892637908859363 30 -15.05846736091596 -3.930469911926773e-08 0.9999999999999992 -2.304362558455227e-09 255 255 255 255 
-28.25581395348837 -4.186046511627911 -25.00000095367432 -5.175504116404942e-10 1.334755291977551e-08 0.9999999999999998 255 255 255 255 
30.82386363636364 -5.34090909090909 25 2.628325910728409e-09 1.689437115744141e-08 -0.9999999999999999 255 255 255 255 
41.67603035148787 -9.999999182684629 -24.99999922016822 -2.761443477704711e-07 0.8000002572862825 0.5999996569514066 255 255 255 255 
49.99999850707955 -10.00000042109088 7.141422194540787 0.70710667204811 0.7071068903249554 1.339591574345428e-07 255 255 255 255 
27.46067761968411 -9.99999698113977 24.99999976484655 -5.425204544364712e-08 0.5547002004281673 -0.8320502915358832 255 255 255 255 
10.00000010909083 9.037801660483673 -25.00000034904919 0.5547004134771027 -9.593247467293796e-08 0.8320501495032148 255 255 255 255 
-18.22863584654717 -9.99999890731878 -25.00000076816418 -8.561451552407169e-08 0.7071068203322792 0.7071067420408085 255 255 255 255 
-10.00000050910167 -9.99998838430108 24.99999593001066 -0.666667242085378 0.3333329519102508 -0.6666662819590281 255 255 255 255 
-10.00000070329622 1.73801634184796 24.99999831523732 -0.707107112522366 9.445427942693011e-08 -0.7071064498505677 255 255 255 255 
-17.42681873554659 -22.06456395611203 30 0 0 1 255 255 255 255 
-9.72716117142528 -19.45494531070286 30 0 0 1 255 255 255 255 
0.584869003812571 -29.99999859252048 29.99999926681691 -4.040120223569661e-07 -0.6000010648494586 0.7999992013616967 255 255 255 255 
49.9999912043904 -10.000000241798 19.9890089473484 0.5999995872008367 0.8000003095991524 -2.931943380975468e-07 255 255 255 255 
49.99999857441539 -29.99999830615411 29.99999827862459 0.408248304392732 -0.8164965203239778 0.4082483977424717 255 255 255 255 
35.02360699618191 -18.33958266357435 -30 0 0 -1 255 255 255 255 
-15.11455739238248 -29.99999985369179 -29.99998296568742 6.893504641215187e-08 -0.707107872128286 -0.7071056902431228 255 255 255 255 
2.604166666666657 -30 3.0625 0 -1 0 255 255 255 255 
-6.053336217941371 30 -26.68686302496259 -1.746623569446928e-06 0.9999999999976475 -1.286182486259683e-06 255 255 255 255 
-32.13340475661238 7.866594274561088 29.9999937817094 -0.5656858212002294 0.5656860729280833 0.5999990154893802 255 255 255 255 
-10 5.836212496877359 10.92532323552012 -1 -5.945118563763002e-16 -1.668688449010665e-16 255 255 255 255 
-10 -5.42038845047248 19.27425975907893 -0.9999999999999857 1.676399795087876e-07 2.515883972354688e-08 255 255 255 255 
-25.12867647058823 -5.753676470588239 -30 0 0 -1 255 255 255 255 
31.61057692307689 -30 -20.26442307692308 0 -1 0 255 255 255 255 
-1.912499999999987 -11.8625 30 0 0 1 255 255 255 255 
-3.559027777777771 -11.99652777777778 -30 0 0 -1 255 255 255 255 
-33.37053571428572 -30 6.830357142857139 0 -1 0 255 255 255 255 
10 15.23852756575194 22.91962181199417 0.9999999999998161 1.664702768413029e-07 -5.831890925950661e-07 255 255 255 255 
-10 25.80364518800668 19.77817121941443 -0.9999999999997676 3.218336740441209e-07 -6.009603002319961e-07 255 255 255 255 
-13.69565217391303 -17.55434782608696 30 0 0 1 255 255 255 255 
50 -26.10225547987631 -23.65428398948235 0.999999999999978 -2.092497741165919e-07 -1.474837873098656e-08 255 255 255 255 
-8.84375 22.71874999999999 -30 -4.080445404060378e-10 5.018581585111643e-10 -1 255 255 255 255 
11.93699968085663 -20.96952644287498 -30 0 0 -1 255 255 255 255 
-7.628676470588232 -30 -22.33455882352941 -1.516606164343471e-08 -0.9999999999999997 -2.222424416063603e-08 255 255 255 255 
-31.59722222222222 -30 -24.94791666666667 2.61916975911723e-08 -0.999999999999998 -5.744223337802664e-08 255 255 255 255 
10.75721153846152 -30 26.89903846153846 3.003765815935426e-08 -0.9999999999999725 2.321437068788412e-07 255 255 255 255 
4.183165634265173 30 17.90530974793997 2.473647018258139e-07 0.9999999999999664 7.818081396083227e-08 255 255 255 255 
-13.71590909090909 5.079545454545453 25 -1.842976120959116e-07 -1.509563363602897e-08 -0.9999999999999828 255 255 255 255 
13.35755813953488 21.09011627906977 -25.00000095367432 5.413324316047094e-07 2.418195844848743e-07 0.9999999999998241 255 255 255 255 
19.62890624999999 -30 -11.77734375 0 -1 0 255 255 255 255 
-10.72916666666667 -30 10.6875 0 -1 0 255 255 255 255 
-20.57291666666667 -30 4.140625 0 -1 0 255 255 255 255 
37.09375440276914 -10 -13.73203153180288 0 1 0 255 255 255 255 
-31.91451115034264 -14.18546606166493 30 0 0 1 255 255 255 255 
24.53280650309611 -14.9683570683428 30 0 0 1 255 255 255 255 
38.25623979076228 -25.24328949828065 30 2.063150764970634e-08 -1.087402431088219e-07 0.9999999999999939 255 255 255 255 
36.89940843382165 -12.41191487665906 -30 0 0 -1 255 255 255 255 
-37.36607142857143 -5.776785714285712 -30 -1.467660632191304e-08 7.751375421641599e-09 -0.9999999999999999 255 255 255 255 
-23.68421052631579 -30 -25.06578947368421 -2.275106104151731e-08 -0.9999999999999997 -9.233485004224292e-09 255 255 255 255 
-38.8671875 -30 16.875 0 -1 0 255 255 255 255 
-16.32954545454546 -5.67045454545454 25 -8.30917544339137e-09 2.07001592672063e-08 -0.9999999999999997 255 255 255 255 
13.6125 2.6875 -25.00000095367432 3.225006811548321e-07 8.383190861562727e-08 0.9999999999999445 255 255 255 255 
-10 26.20512422381147 -2.927772053893321 -1 1.363763668998397e-08 -6.524453347848391e-09 255 255 255 255 
-28.74166546894643 11.25833347453801 29.9999988728438 -0.5000005025516462 0.500000110917684 0.7071063473979036 255 255 255 255 
-24.89616853153313 7.053019696321321 30 -2.667142660459778e-07 6.955803182534571e-08 0.9999999999999619 255 255 255 255 
-7.474999999999987 -11.47499999999999 30 0 0 1 255 255 255 255 
-1.264480342022708 -27.54084930486554 -30 1.576022907924991e-07 -1.015700001716807e-06 -0.9999999999994718 255 255 255 255 
29.27631578947367 -30 -10.65789473684211 0 -1 0 255 255 255 255 
4.538690476190467 -30 -8.794642857142851 0 -1 0 255 255 255 255 
-3.229166666666679 -30 -0.3125 0 -1 0 255 255 255 255 
24.96710526315789 -0.9539473684210513 -25.00000095367432 0 0 1 255 255 255 255 
12.45920745877564 -10 -11.75921974762201 2.922372282096169e-07 0.9999999999999568 2.678062117003914e-08 255 255 255 255 
9.999999444411742 29.99999518251608 -15.63096704994899 0.7071070379184958 0.7071065244545062 1.479443413917869e-09 255 255 255 255 
9.999994354163633 29.99999972108194 6.219607097210691 0.44721349469525 0.8944272414022553 -1.156529993591153e-07 255 255 255 255 
-45.2295308192483 -10 9.322711780251488 -4.663229860928194e-07 0.9999999999998898 5.488784365816885e-08 255 255 255 255 
-10 -4.963513275901231 -14.49640346896358 -0.999999999999736 7.139210189458664e-07 -1.349791754604251e-07 255 255 255 255 
-10.00000022288551 -4.583947792061501 -24.99999570100308 -0.8944273080393539 1.631442681356349e-08 0.4472133614210051 255 255 255 255 
-50 -23.45471274180565 -21.85764074252713 -1 0 0 255 255 255 255 
-50 -26.28763787926307 -10.37358604474633 -0.9999999999999361 -3.574560558987466e-07 1.40491613482008e-08 255 255 255 255 
-49.9999993453549 -10.00000489492234 19.60369756112244 -0.7071071422499535 0.7071064201229537 -6.96142031681194e-08 255 255 255 255 
-1.793478260869563 3.315217391304351 30 0 0 1 255 255 255 255 
-39.91254708885213 -26.13940751386215 30 1.173939964039757e-08 -8.46687854453784e-08 0.9999999999999962 255 255 255 255 
5.712393667170552 -19.02399862485525 30 0 0 1 255 255 255 255 
41.29464285714288 -4.508928571428569 30 3.086210969276879e-07 4.515592490872584e-07 0.9999999999998505 255 255 255 255 
49.99999819313165 -26.3590637231787 29.99999891013319 0.7071067447828991 -1.832560966557916e-07 0.7071068175901704 255 255 255 255 
24.44983489933226 -26.3389158220735 30 1.040293914739887e-07 -3.4625660344618e-07 0.9999999999999346 255 255 255 255 
50 -20.56313770620697 12.59287051815563 0.9999999999999978 -6.633041978730103e-08 -2.68447709889794e-09 255 255 255 255 
12.98740241871356 16.47167987441659 -30 0 0 -1 255 255 255 255 
-7.384834953440567 25.36369217518919 -30 -1.153713805768941e-08 1.93717449487001e-07 -0.9999999999999811 255 255 255 255 
-12.01171874999999 21.54296874999999 -30 -4.021834786676414e-09 7.172657965001708e-10 -1 255 255 255 255 
-49.99999969559283 -14.71621180070803 -29.99999896069466 -0.707106615461887 7.848421104490365e-07 -0.7071069469107335 255 255 255 255 
-37.36995329870952 -22.03513158918563 -30 0 0 -1 255 255 255 255 
-46.80439979306916 -25.12351319878156 -30 -1.797710274541267e-07 -2.602260190141897e-07 -0.99999999999995 255 255 255 255 
45.85597826086955 -30 -4.157608695652179 5.955138404447046e-08 -0.9999999999999982 8.825884800011111e-09 255 255 255 255 
20.73863636363635 -30 -20.88068181818182 0 -1 0 255 255 255 255 
-27.17013888888889 -30 -21.875 2.954181387488629e-09 -0.9999999999999998 -2.17721585971796e-08 255 255 255 255 
-30.9375 -30 -15.65625 0 -1 0 255 255 255 255 
-34.72222222222222 -30 -18.90625 0 -1 0 255 255 255 255 
-44.25 -30 -13.95 -2.151305108824496e-08 -0.9999999999999997 2.541897697731248e-09 255 255 255 255 
-43.58552631578948 -30 0.5921052631578902 -1.577690083648382e-08 -0.9999999999999999 -3.717293559148154e-09 255 255 255 255 
15.54276315789473 -30 12.08881578947368 0 -1 0 255 255 255 255 
-49.99995986647743 -29.99999998559231 4.41090922625235 -0.5999977340885534 -0.8000016994284159 -4.977894340630659e-07 255 255 255 255 
-45.99184782608696 -30 17.85326086956522 -3.434442364291987e-07 -0.9999999999999352 1.075181358272409e-07 255 255 255 255 
9.999998405101813 29.99999879373237 -8.938592526520289 0.7071068515028343 0.7071067108702532 -2.860060750647672e-08 255 255 255 255 
-23.91223854153871 16.08775906385208 -25.00000203389699 -0.5000001094868463 0.5000000987097913 0.7071066339692628 255 255 255 255 
40.32809150180371 -0.3280934266145792 -25.00000282509354 0.5656851975759298 0.565685923134448 0.5999997446757862 255 255 255 255 
10.00000179919478 1.091456248631491 24.99999874874112 0.7071063385741083 -7.910287267645153e-07 -0.7071072237982673 255 255 255 255 
24.92732558139535 -6.962209302325579 25 2.982893525211871e-07 4.658294247336194e-07 -0.9999999999998471 255 255 255 255 
36.03316326530613 -5.727040816326529 25 -3.813998662478983e-08 4.276989247149086e-08 -0.9999999999999984 255 255 255 255 
-10 18.32587713104776 -5.40384591518913 -1 3.275284632704812e-17 4.247847376889667e-16 255 255 255 255 
32.54658289905557 -0.8691328274877002 -30 1.841282343304895e-07 2.855824345004463e-07 -0.9999999999999423 255 255 255 255 
15.625 -30 -7.1484375 0 -1 0 255 255 255 255 
-15.84821428571428 -30 8.571428571428577 0 -1 0 255 255 255 255 
20.52809172425845 -10 -15.51487745363491 0 1 0 255 255 255 255 
10 20.60071536066709 18.65533861798617 0.9999999999999986 2.962047458278934e-08 -4.528580601817023e-08 255 255 255 255 
-19.55113933951715 -10 -15.33555676736431 -7.557272620599724e-09 1 -1.40951770243219e-09 255 255 255 255 
-10 -0.3774472890124194 -9.778774780878589 -1 4.293543204092598e-16 -8.888156306302156e-18 255 255 255 255 
-50 -21.76801855619379 14.01707336576553 -1 0 0 255 255 255 255 
-21.875 -15.90725806451613 30 0 0 1 255 255 255 255 
17.489342564361 -25.98783881315062 -30 1.871683579693387e-08 -6.978202929650255e-07 -0.9999999999997563 255 255 255 255 
-37.67108606853162 -27.58633497436517 -30 1.793133470605705e-07 -7.921369847222074e-07 -0.9999999999996702 255 255 255 255 
31.71874999999999 -30 9.9375 0 -1 0 255 255 255 255 
-17.55514705882353 -30 -19.85294117647059 0 -1 0 255 255 255 255 
-30.46875 -30 23.90625 0 -1 0 255 255 255 255 
-27.13068181818182 -30 23.52272727272727 0 -1 0 255 255 255 255 
12.99293387292087 27.00706570749888 -25.00000398741815 0.4999984809748197 0.5000016042059893 0.7071067209511659 255 255 255 255 
21.04779411764704 13.78676470588236 25 1.633636528170142e-07 1.887006659276346e-07 -0.9999999999999688 255 255 255 255 
10 6.471750585844362 -13.37642079737452 1 1.211075242730537e-16 -3.439644843550067e-16 255 255 255 255 
-25.05739421120133 -10 -12.93618763457922 0 1 0 255 255 255 255 
-41.29396281454886 -14.71420655233383 30 -8.994183535988492e-10 -6.810180204200005e-11 1 255 255 255 255 
8.613281249999993 -3.30078125 -30 0 0 -1 255 255 255 255 
10.52989130434782 -30 -21.76630434782609 0 -1 0 255 255 255 255 
-10.78125000000001 -30 1.453125 0 -1 0 255 255 255 255 
-1.7578125 -30 23.9453125 2.369533133008998e-08 -0.9999999999999981 5.700304906593061e-08 255 255 255 255 
-11.08630952380952 -30 17.67857142857144 0 -1 0 255 255 255 255 
-30.625 -30 5.5625 0 -1 0 255 255 255 255 
43.11732775843704 -10 -6.918924329450519 5.677698057914506e-08 0.9999999999999982 2.105386077496222e-08 255 255 255 255 
26.83728115315063 -10 -9.231682048626769 0 1 0 255 255 255 255 
10 15.5539382179207 -4.92589860211956 1 0 0 255 255 255 255 
-34.99266913816095 -9.99999978564599 -24.99999437667131 -8.764184098081688e-09 0.8320504623838818 0.5546999441560893 255 255 255 255 
-10 -6.081820494568049 6.680519648185722 -0.999999999999949 3.006969460608372e-07 -1.078982029343309e-07 255 255 255 255 
-49.99999740993818 -29.99999860799846 -29.99999619016402 -0.5773502124586438 -0.5773508445180674 -0.5773497505916437 255 255 255 255 
6.180656157696014 22.91174921631408 30 1.404006006042187e-09 7.623095870419233e-09 1 255 255 255 255 
10.23026315789475 22.26973684210527 30 5.160536171573333e-08 3.837511951163811e-08 0.9999999999999979 255 255 255 255 
-7.364130434782602 6.114130434782609 30 0 0 1 255 255 255 255 
26.66793538565356 13.33205154655602 29.99999955794644 0.3162275688380039 0.3162276108289243 0.8944273155803304 255 255 255 255 
24.20572916666667 2.278645833333343 30 0 0 1 255 255 255 255 
50 -14.6337077884986 26.73215060279888 0.9999999999983863 1.26243801681649e-06 1.278033468172395e-06 255 255 255 255 
16.94965996978301 9.642605825104347 -30 0 0 -1 255 255 255 255 
43.60000255002682 -17.53137498803369 -30 1.4704324208891e-07 1.06581898479446e-09 -0.999999999999989 255 255 255 255 
8.720238095238102 4.970238095238102 -30 0 0 -1 255 255 255 255 
-21.26302083333333 13.19010416666668 -30 -5.7545154494028e-08 4.839828813526678e-08 -0.999999999999997 255 255 255 255 
19.9140625 -6.7890625 -30 0 0 -1 255 255 255 255 
-9.375 -12.68145161290322 -30 0 0 -1 255 255 255 255 
-34.86840130186406 -9.837162204314659 -30 0 0 -1 255 255 255 255 
37.97554347826086 -30 -26.6983695652174 2.217585663869829e-08 -0.9999999999999959 -8.752582059214829e-08 255 255 255 255 
42.91666666666666 -30 3.8125 1.281247067449152e-07 -0.9999999999999915 -2.905265084639154e-08 255 255 255 255 
19.140625 -30 3.984375000000007 0 -1 0 255 255 255 255 
-45.92013888888889 -30 -5.416666666666661 -1.82863470389221e-08 -0.9999999999999998 3.059447320535136e-09 255 255 255 255 
27.60416666666666 -30 24.19642857142857 -2.986966552743594e-09 -0.9999999999999998 2.351003710660592e-08 255 255 255 255 
19.50989454939381 -10 4.70850475258473 0 1 0 255 255 255 255 
-23.49397590396942 -10 -7.21694132085042 0 1 0 255 255 255 255 
10.15624999999999 -30 -11.015625 0 -1 0 255 255 255 255 
2.764423076923073 -30 -12.83653846153846 0 -1 0 255 255 255 255 
-23.3366935483871 -30 13.00403225806451 0 -1 0 255 255 255 255 
24.66346153846153 0.1634615384615294 25 0 0 -1 255 255 255 255 
10 -6.90306681239074 -16.15476661575363 0.9999999999999988 4.936806021157672e-08 -7.700587464185931e-09 255 255 255 255 
10 18.30918716711017 -21.05361084885165 0.9999999999999456 2.519163215694516e-07 2.131229814659659e-07 255 255 255 255 
-25.28194378845426 -10 17.39147152942189 0 1 0 255 255 255 255 
-10 1.151535489822852 -15.42822415963312 -1 0 0 255 255 255 255 
-50 -19.59118986467754 -17.84737827140014 -1 0 0 255 255 255 255 
-2.468907223154012 14.97414744547026 30 0 0 1 255 255 255 255 
33.3370535714286 -6.930803571428569 30 0 0 1 255 255 255 255 
29.75814885978376 -15.28652918043876 30 0 0 1 255 255 255 255 
50 -24.25850558764174 -2.341049105431381 0.9999999999998711 -4.931103535522973e-07 -1.207472635455944e-07 255 255 255 255 
37.54442696451051 -6.28396503851722 -30 1.102844523353099e-07 4.774683858494142e-08 -0.9999999999999928 255 255 255 255 
24.83435531089636 -23.05794489598107 -30 0 0 -1 255 255 255 255 
-27.64423076923077 -10.72115384615384 -30 0 0 -1 255 255 255 255 
-30.1233552631579 -4.38322368421052 -30 0 0 -1 255 255 255 255 
-32.0597170440606 -15.46090965010011 -30 0 0 -1 255 255 255 255 
-31.2523555545812 -25.03357320697125 -30 1.574979871131961e-08 -3.141358121079266e-07 -0.9999999999999505 255 255 255 255 
37.21590909090911 -30 -16.78977272727272 0 -1 0 255 255 255 255 
45.50781249999999 -30 14.12109375000001 9.800206851845553e-08 -0.9999999999999948 -2.365962914209437e-08 255 255 255 255 
27.44140625 -30 11.60156250000001 0 -1 0 255 255 255 255 
-23.97374836327547 -29.99999998102602 -29.99997747969091 -6.635331708278053e-07 -0.8320514576976622 -0.5546984511811397 255 255 255 255 
-27.16346153846154 -30 -8.76201923076923 0 -1 0 255 255 255 255 
-33.17307692307693 -30 -6.67067307692308 0 -1 0 255 255 255 255 
-39.0625 -30 -12.52840909090909 0 -1 0 255 255 255 255 
22.13541666666666 -30 18.90625 0 -1 0 255 255 255 255 
16.796875 -30 17.34375 0 -1 0 255 255 255 255 
-3.640194609486038 29.99999999999999 16.42974654611075 -1.088551434241228e-08 0.9999999999999999 -5.027892825934758e-10 255 255 255 255 
-39.6043496968704 0.3956484310572108 25.00000102229207 -0.4242639518562044 0.4242641000514378 -0.800000045351811 255 255 255 255 
-40.41339230942248 -0.4133950299949483 -25.00000289357082 -0.4242645575218728 0.4242640520493564 0.7999997496058548 255 255 255 255 
18.91291387662372 21.08707941509724 -25.00000135283855 0.5656853286807606 0.5656852518288457 0.6000002539821755 255 255 255 255 
14.88425925925927 -5.79475308641975 -25.00000095367432 3.219594013972735e-07 2.713811346660688e-07 0.9999999999999113 255 255 255 255 
13.41008771929823 21.94078947368421 25 9.427616731693249e-07 2.436874371477858e-07 -0.9999999999995259 255 255 255 255 
41.3354627339819 -1.33549391119778 25.00000004858203 0.4242634854243346 0.4242630913237463 -0.8000008276720805 255 255 255 255 
36.58746829450277 -10 -0.9249376805891991 0 1 0 255 255 255 255 
-10 7.988764267095789 1.274468046114372 -1 4.214838568253852e-16 -1.875545773407649e-18 255 255 255 255 
-10 8.905596495308508 -6.72493722997967 -1 4.14471161365887e-16 -2.692361353017949e-16 255 255 255 255 
-11.45220588235293 2.812499999999993 30 0 0 1 255 255 255 255 
-9.362980769230766 -7.68028846153846 30 0 0 1 255 255 255 255 
5.364583333333343 5.572916666666671 30 0 0 1 255 255 255 255 
18.64583333333334 -4.895833333333329 30 0 0 1 255 255 255 255 
32.16903240150953 -18.72572440978822 30 0 0 1 255 255 255 255 
37.41283500966566 -20.3342871354042 30 0 0 1 255 255 255 255 
44.63140507068086 -19.79328822481871 30 7.958463066902054e-08 -2.198390897672353e-08 0.9999999999999966 255 255 255 255 
49.99999861096323 -21.5459341518984 29.99999874019564 0.7999999561602994 -8.064562332784801e-08 0.600000058452924 255 255 255 255 
-1.209239130434767 -0.7472826086956488 -30 0 0 -1 255 255 255 255 
-3.28125 5.450367647058833 -30 0 0 -1 255 255 255 255 
-7.774999999999991 1.925000000000011 -30 0 0 -1 255 255 255 255 
-45.47704363109492 -21.17378423230916 -30 -3.163029933919132e-08 -1.278204299405735e-08 -0.9999999999999994 255 255 255 255 
49.99999819712387 -29.99999916716973 1.1546597125053 0.7071066593838764 -0.7071069029891539 -2.488672735725906e-07 255 255 255 255 
29.22453703703701 -30 -0.9722222222222285 0 -1 0 255 255 255 255 
17.08333333333333 -30 -1 0 -1 0 255 255 255 255 
15.40178571428572 -30 -3.816964285714281 0 -1 0 255 255 255 255 
21.29934210526315 -30 -16.38157894736842 0 -1 0 255 255 255 255 
-4.199218750000007 -30 7.55859375 0 -1 0 255 255 255 255 
-2.008928571428562 -30 14.12946428571429 0 -1 0 255 255 255 255 
-27.87359974626887 12.12638144159867 25.00000023258846 -0.4999995702431251 0.4999992840405038 -0.7071075913294057 255 255 255 255 
-30.60267857142857 1.205357142857149 25 -4.819521762137085e-09 7.610602998470795e-09 -1 255 255 255 255 
-22.52659574468085 -2.792553191489361 25 3.214289937638348e-10 3.121591849200278e-09 -1 255 255 255 255 
31.06481481481482 0.1388888888888893 -25.00000095367432 5.596495234072043e-10 1.150709798313552e-09 1 255 255 255 255 
26.31944444444446 -4.166666666666661 -25.00000095367432 -5.565358255743389e-09 3.458832562215093e-08 0.9999999999999993 255 255 255 255 
49.99999594534565 -10.00000005569761 -24.99998582574723 0.8822224789234265 0.4062612050706684 0.2379817869853338 255 255 255 255 
49.99999891743984 -10.00000036119195 -11.03158207285147 0.7071065843617071 0.7071069780113227 -1.205333050804543e-07 255 255 255 255 
25.24488334298712 -9.999993973347909 -25.00000046421255 9.451755158817984e-08 0.4472133967177566 0.894427290390984 255 255 255 255 
41.14193682432509 -10 2.517420056870719 0 1 0 255 255 255 255 
41.98324548168739 -10 21.62027740563484 4.536400886367607e-08 0.9999999999999892 -1.404202044110912e-07 255 255 255 255 
27.75284139480056 -10 -3.93299154277295 0 1 0 255 255 255 255 
20.73299934301095 -10 -10.83798889695994 0 1 0 255 255 255 255 
10.00000022877849 -9.999998393343851 -17.17962049680381 0.600000211519192 0.7999998413605515 1.322767941799038e-07 255 255 255 255 
10.00000053154793 -9.999998664081179 -10.92662287416789 0.8320503410606347 0.5547001261410363 -2.39705758768014e-09 255 255 255 255 
12.9191445561208 -10 3.454208059013752 3.396438386568646e-07 0.9999999999999348 -1.225843050503982e-07 255 255 255 255 
10.00000040979178 -9.999998617570458 -6.081454689333562 0.7071069074767039 0.7071066548963676 -3.610811741506751e-08 255 255 255 255 
10 3.287250565786493 -3.162272518167359 1 0 0 255 255 255 255 
10 4.578501541452212 12.70081361997493 1 0 0 255 255 255 255 
-26.75127523347761 -10 22.06311246864162 -4.07680562866726e-07 0.9999999999988505 -1.460383208692702e-06 255 255 255 255 
-29.68736055319622 -10 -8.815487777509411 0 1 0 255 255 255 255 
-10.00000060235573 -9.999998905523071 -5.994858186498721 -0.8320500514003661 0.5547005606310381 5.100711751190022e-07 255 255 255 255 
-10.00000032885367 12.64476973415629 24.99999218016822 -0.8944270571026 3.000247956096293e-08 -0.4472138632944887 255 255 255 255 
-10 1.325301205643289 -5.844387135003771 -1 0 0 255 255 255 255 
-10.00000040959974 2.479416278264353 -24.9999995136145 -0.7071070577109884 1.261652085904688e-07 0.7071065046619873 255 255 255 255 
-10.00000252942626 29.99998785898312 -25.00000096992588 -0.6267397078416054 0.62673757293462 0.4630306180876607 255 255 255 255 
-50 -22.66531630279305 7.672881213642839 -1 0 0 255 255 255 255 
-49.99999672599899 -29.99999985052932 11.76208256030846 -0.5999990175158156 -0.8000007368616165 -9.624880423193972e-07 255 255 255 255 
-49.99999051634916 -29.99999987520865 25.90389034979371 -0.4472135537046409 -0.8944272118975615 1.445507898510507e-07 255 255 255 255 
-50 -23.45938389762092 19.77083118798852 -1 -3.927216550316971e-09 9.223679104802904e-10 255 255 255 255 
-49.99999916411954 -10.00000142774641 6.313634646848882 -0.707106944130105 0.7071066182429303 1.774341643868705e-07 255 255 255 255 
-50 -16.53752318743487 17.77871467189926 -0.9999999999999992 3.347696213159806e-08 1.601566585531473e-08 255 255 255 255 
-15.55029415946031 6.250879640203948 30 0 0 1 255 255 255 255 
-1.015624999999993 6.953125000000021 30 0 0 1 255 255 255 255 
-21.94396542027058 -1.82590041214354 30 0 0 1 255 255 255 255 
-14.94791666666666 -7.239583333333329 30 0 0 1 255 255 255 255 
-34.015625 -18.703125 30 0 0 1 255 255 255 255 
-0.9499621599370727 -18.23638642676064 30 0 0 1 255 255 255 255 
18.7024333646344 -18.21333414361278 30 0 0 1 255 255 255 255 
49.99997060022294 -9.9999653536754 29.99999985611553 0.6599073345688595 0.1723724313665658 0.7313070864465911 255 255 255 255 
0.3408833548434629 -22.63223575016726 30 0 0 1 255 255 255 255 
31.54585866191925 -25.10652565455937 30 -3.297378058933776e-08 -1.665945661795148e-07 0.9999999999999856 255 255 255 255 
32.62290343126632 -29.99999707539663 29.99999947728678 -6.674927136086738e-08 -0.5547001049416662 0.8320503551935424 255 255 255 255 
49.99999942662136 -9.99999965604788 25.00002693040398 0.8605221844507882 0.4706364104948058 -0.19494342559986 255 255 255 255 
50 -15.88954378521269 5.180167496481637 0.999999999999996 8.779644387998734e-08 1.155263063781787e-08 255 255 255 255 
8.995079700841352 26.51318754594323 -30 9.680282700058059e-07 8.097710340071508e-07 -0.9999999999992036 255 255 255 255 
39.98720938685278 0.01276868684605859 -29.99999986100888 0.3922318129618467 0.3922319536880171 -0.8320506591588904 255 255 255 255 
7.863349895744022 13.47671593120575 -30 0 0 -1 255 255 255 255 
44.64476394625932 -11.20989644031701 -30 2.118153167140345e-07 9.963665626355072e-08 -0.9999999999999726 255 255 255 255 
31.14079008013532 -6.313625232530249 -30 0 0 -1 255 255 255 255 
-10.00002491482137 29.99997865176789 -29.99999783198959 -0.3365587925778873 0.8125177431426905 -0.4759654359476362 255 255 255 255 
-13.6085246293052 26.39143033523629 -29.99999999053149 -0.3162273625444501 0.3162264226937287 -0.8944278085840734 255 255 255 255 
-17.88314344283216 22.11684013526765 -29.99999994233159 -0.4242629224155116 0.4242641327910284 -0.800000573931373 255 255 255 255 
2.095588235294123 13.41911764705883 -30 0 0 -1 255 255 255 255 
15.40139703298377 1.714569220546171 -30 0 0 -1 255 255 255 255 
24.95535714285714 -14.33035714285714 -30 0 0 -1 255 255 255 255 
39.80096126569399 -22.59663345253488 -30 0 0 -1 255 255 255 255 
44.29482603383804 -29.9999987762355 -29.99999827729118 2.548097756950105e-07 -0.7071068644961654 -0.707106697876874 255 255 255 255 
13.27205882352942 -16.21323529411765 -30 0 0 -1 255 255 255 255 
8.349609375 -12.763671875 -30 0 0 -1 255 255 255 255 
7.934027777777793 -16.75347222222222 -30 0 0 -1 255 255 255 255 
-23.68055555555556 3.81944444444445 -30 0 0 -1 255 255 255 255 
-29.77864583333333 4.518229166666671 -30 -7.503239181171916e-08 9.922742850038283e-08 -0.9999999999999923 255 255 255 255 
-21.21620418110809 -12.626600759762 -30 0 0 -1 255 255 255 255 
-14.65845800206257 -16.92262073878236 -30 0 0 -1 255 255 255 255 
-30.30793543731138 -12.45402629765661 -30 0 0 -1 255 255 255 255 
-42.00506865626044 -18.89186187104482 -30 0 0 -1 255 255 255 255 
10.77091680859724 -29.99999970573121 -29.99999663572812 1.72703522320474e-08 -0.6000004951054462 -0.7999996286706759 255 255 255 255 
-9.537307369717873 -29.99999950173764 -29.99999522377543 -4.70829628903896e-07 -0.8000003712938701 -0.5999995049410026 255 255 255 255 
-30.39600869090603 -29.99999941420898 -29.99999449233133 5.324531337423869e-07 -0.7071076780983566 -0.7071058842734003 255 255 255 255 
49.9999890577519 -29.99999977283152 -7.812087712102951 0.7071062138033489 -0.7071073485692905 -2.033230827328196e-08 255 255 255 255 
43.38942307692305 -30 -11.25000000000001 1.506608366355749e-08 -0.9999999999999999 -1.764921991452043e-09 255 255 255 255 
18.12831518907248 -29.99999931422283 -29.99999499216599 -9.203896675120668e-08 -0.7071071111492382 -0.7071064512236969 255 255 255 255 
16.76136363636364 -30 -19.94318181818181 0 -1 0 255 255 255 255 
49.99999814006806 -29.99999877349308 14.81812661832323 0.8574928650104405 -0.5144958565976856 1.221569703525173e-09 255 255 255 255 
41.30859374999999 -30 10.19531250000001 0 -1 0 255 255 255 255 
42.03124999999999 -30 15.9375 0 -1 0 255 255 255 255 
-5.580357142857139 -30 -5.089285714285712 0 -1 0 255 255 255 255 
0.8413461538461533 -30 -1.370192307692299 0 -1 0 255 255 255 255 
-13.57421875000001 -30 -10.60546875 0 -1 0 255 255 255 255 
-24.17279411764705 -30 -14.33823529411764 0 -1 0 255 255 255 255 
-33.80681818181818 -30 -22.24431818181818 0 -1 0 255 255 255 255 
-38.4375 -30 -26.5625 -3.999155210613431e-08 -0.9999999999999929 -1.124859921516414e-07 255 255 255 255 
-27.12053571428572 -30 -17.74553571428572 0 -1 0 255 255 255 255 
-49.99998470504715 -29.99999993112848 -21.03886555651209 -0.5144951932438258 -0.8574932630225058 -1.170900796514421e-07 255 255 255 255 
-13.28125 -30 -3.45703125 0 -1 0 255 255 255 255 
31.11979166666667 -30 18.51562500000001 0 -1 0 255 255 255 255 
7.902690331003832 -29.9999990729056 29.99999920576615 1.200426276820927e-08 -0.7071067237501588 0.7071068386229316 255 255 255 255 
-28.86904761904762 -30 11.96428571428572 0 -1 0 255 255 255 255 
-34.0625 -30 12.75 0 -1 0 255 255 255 255 
-11.26316603844898 -30.00000001840482 29.99999399189858 2.403427754173643e-07 -0.7071079099431344 0.7071056524281181 255 255 255 255 
-45.49278846153846 -30 23.04086538461539 -3.679462637005531e-07 -0.9999999999999181 -1.682761619505033e-07 255 255 255 255 
-32.8125 -30 27.45535714285715 -2.812015047708169e-08 -0.999999999999983 1.822690088953631e-07 255 255 255 255 
-9.999999957606903 29.99998139124364 1.456564153753419 -0.894427545128216 0.4472128872426535 5.275620260625744e-08 255 255 255 255 
-1.00899471571919 29.99999999999999 0.7684302786484807 7.326546967352147e-17 1 -2.502751030934545e-16 255 255 255 255 
-9.999995850749038 29.99999964715458 -10.88370743147753 -0.5546999893634069 0.8320504322456879 -1.836898484591075e-08 255 255 255 255 
9.99999953327152 29.99999576313434 -20.29432362526341 0.8320501645035021 0.5547003909765588 -3.846377698440934e-07 255 255 255 255 
-46.45147241716359 -6.45147464733569 25.0000015453415 -0.5656848951002438 0.5656861332660483 -0.5999998317382538 255 255 255 255 
-18.71756970079847 21.28240212668697 25.00000010209936 -0.2626127623665181 0.262612443870276 -0.9284768394347312 255 255 255 255 
-23.27697650846151 -9.99998588580252 24.99999994315036 -4.300083131589645e-08 0.5999991725658136 -0.80000062057497 255 255 255 255 
-18.01957831325301 2.161144578313262 25 0 0 -1 255 255 255 255 
-29.82712639163983 10.17287175328958 -25.00000185058938 -0.4999999664961211 0.5000001372695931 0.7071067078130895 255 255 255 255 
-15.48577905896037 24.51422059253175 -25.00000436538391 -0.6324569856667496 0.6324560500312655 0.4472108071817791 255 255 255 255 
-14.19642857142857 12.97619047619047 -25.00000095367432 -9.517866330870963e-08 -1.046541097395003e-07 0.99999999999999 255 255 255 255 
15.29240024684989 24.70759964096772 -29.99998590644894 0.5000008558193052 0.5000007410596711 -0.7071056520207871 255 255 255 255 
19.7308200200456 20.26917869471531 -29.99999696090754 0.5000001160212111 0.5000009689279908 -0.7071060140105201 255 255 255 255 
29.85664496737176 -9.99999763288173 -25.00000068043284 1.422124913977555e-07 0.7999997086589468 0.6000003884545244 255 255 255 255 
17.98763736263737 14.62225274725275 -25.00000095367432 9.783540423422297e-08 2.114988099615706e-08 0.999999999999995 255 255 255 255 
14.04017857142857 9.709821428571423 -25.00000095367432 9.504832653656022e-08 -6.954359325717222e-08 0.999999999999993 255 255 255 255 
30.24660500799905 9.753390412685867 29.99999930979192 0.4999996055706043 0.5000000538236503 0.7071070220310269 255 255 255 255 
15.56640625 -2.55859375 25 9.057277087525434e-08 -1.861134461339651e-08 -0.9999999999999957 255 255 255 255 
10.00000023370779 23.26836857428062 24.99999494699595 0.7071071287295161 5.50973838294073e-07 -0.7071064336431936 255 255 255 255 
29.13109756097562 1.43292682926829 25 1.557600512164648e-08 1.985105868952523e-08 -0.9999999999999998 255 255 255 255 
34.19471493250366 5.805283511880013 25.00000057983394 0.5000000644410679 0.499999688583985 -0.7071069558241142 255 255 255 255 
-6.530172413793103 -3.771551724137929 -30 0 0 -1 255 255 255 255 
-1.507352941176457 -5.40441176470588 -30 0 0 -1 255 255 255 255 
-17.48161764705883 4.742647058823529 -25.00000095367432 0 0 1 255 255 255 255 
-41.60807383391023 -10 14.8576635909662 0 1 0 255 255 255 255 
-11.45833333333333 -30 -17.39583333333333 0 -1 0 255 255 255 255 
-33.75 -30 -11.4375 0 -1 0 255 255 255 255 
15.9274193548387 17.3991935483871 25 3.432682938894808e-07 5.758476151954081e-08 -0.9999999999999395 255 255 255 255 
-10 -1.344158919108789 4.66156600249294 -1 1.736452718679833e-16 2.560798712988645e-16 255 255 255 255 
3.25457317073171 -13.78810975609756 30 0 0 1 255 255 255 255 
14.79166666666669 1.458333333333329 30 0 0 1 255 255 255 255 
32.68382352941178 -10 5.348469200546333 0 1 0 255 255 255 255 
10 -6.35675084800771 18.62463094477893 0.9999999999999505 2.781076805216376e-07 -1.475395720359935e-07 255 255 255 255 
-49.99998353365959 -10.00000002938858 -16.73385091014027 -0.7071053858982789 0.7071081764719741 -3.546265269456032e-07 255 255 255 255 
-10 -6.4272054034993 -3.642416520585179 -0.9999999999999986 5.264190131692425e-08 8.804094533298689e-09 255 255 255 255 
16.0546875 -13.3203125 30 0 0 1 255 255 255 255 
35.11376621275555 -12.02173955022399 30 0 0 1 255 255 255 255 
44.54903892909429 -29.99999950151336 29.99999760285141 7.106183027575257e-08 -0.7071068719912147 0.7071066903818649 255 255 255 255 
-34.12828947368421 0.4440789473684212 -30 -2.494897839536677e-08 3.286391653379297e-08 -0.9999999999999991 255 255 255 255 
44.87847222222219 -30 -21.56250000000001 2.941780641635066e-08 -0.9999999999999996 -3.836272118126695e-09 255 255 255 255 
21.80989583333334 -30 -25.6640625 -2.619406201319106e-09 -0.9999999999999929 -1.191969306051532e-07 255 255 255 255 
39.77272727272727 -30 5.41193181818182 0 -1 0 255 255 255 255 
44.08482142857144 -30 20.79241071428572 7.679521373592973e-09 -1 1.134591894035196e-09 255 255 255 255 
-8.455882352941167 -30 -8.38235294117646 0 -1 0 255 255 255 255 
-18.60795454545454 -30 -5.880681818181809 0 -1 0 255 255 255 255 
-41.19318181818182 -30 -4.09090909090909 0 -1 0 255 255 255 255 
8.653846153846139 -30 13.77403846153846 0 -1 0 255 255 255 255 
30.68181818181817 -30 21.5625 0 -1 0 255 255 255 255 
-13.671875 -30 26.83593750000001 -8.238340908691206e-08 -0.9999999999999897 1.177063999503802e-07 255 255 255 255 
-19.79166666666667 -30 24.8125 -1.123668959776521e-08 -0.9999999999999848 1.741942777246174e-07 255 255 255 255 
-9.999999137982137 29.9999992712179 -18.58994491776951 -0.6000003892691721 0.7999997080479584 -1.526850285614102e-07 255 255 255 255 
-10.00000699256647 23.23026239950706 24.999999727947 -0.7071065103245671 5.973450767137902e-08 -0.7071070520484215 255 255 255 255 
-13.61519607843137 21.09068627450981 -25.00000095367432 -1.467068008512164e-06 2.088779449201962e-07 0.9999999999989019 255 255 255 255 
-44.94925021341111 -4.94925685370276 -25.00000111309063 -0.3922323001050427 0.3922328845463592 0.8320499907065383 255 255 255 255 
10 19.32960893845448 5.522682956520832 1 1.995275238487804e-16 3.571068901205149e-16 255 255 255 255 
-37.9453360325458 -10 10.52214853894598 0 1 0 255 255 255 255 
4.798387096774213 -7.217741935483868 -30 0 0 -1 255 255 255 255 
-11.12132352941177 -6.856617647058819 -30 0 0 -1 255 255 255 255 
43.36565858022024 -10 8.270156217959922 0 1 0 255 255 255 255 
16.29048097041316 -10 -9.245698116364551 0 1 0 255 255 255 255 
13.96577504592558 -10 12.70054408486671 7.252787368617431e-07 0.9999999999997339 7.960454350307489e-08 255 255 255 255 
10 6.386841969216057 19.36461849158323 0.9999999999986815 -2.159350055440306e-07 -1.609422746919699e-06 255 255 255 255 
-22.57530120469993 -10 -21.28128778412835 1.806304395338805e-08 0.9999999999999848 1.736971365190219e-07 255 255 255 255 
-10 25.92531984472696 10.35703916200251 -0.9999999999999576 2.528347181426648e-07 1.446157848516102e-07 255 255 255 255 
8.062500000000007 8.875 30 0 0 1 255 255 255 255 
-20.5889423076923 -19.38701923076923 30 0 0 1 255 255 255 255 
19.7375 -1.112500000000001 30 0 0 1 255 255 255 255 
-11.46484375 13.18359375 -30 0 0 -1 255 255 255 255 
-13.18359375000001 18.02734375 -30 -2.057189069986116e-09 2.336459177357177e-09 -1 255 255 255 255 
17.9875 -19.0375 -30 0 0 -1 255 255 255 255 
-29.8828125 -30 18.28125 0 -1 0 255 255 255 255 
-44.37499999999999 -30 14.25000000000001 -9.591443787865279e-09 -1 -2.345911179354654e-09 255 255 255 255 
-12.72817460317462 4.216269841269842 -25.00000095367432 -1.669846981562106e-07 2.06181897891604e-08 0.9999999999999859 255 255 255 255 
-40.19097222222222 -5.399305555555561 -25.00000095367432 -1.474755387325984e-08 2.619479981387849e-07 0.9999999999999656 255 255 255 255 
18.75686813186813 0.7623626373626387 -25.00000095367432 0 0 1 255 255 255 255 
19.52425373134329 2.826492537313428 25 0 0 -1 255 255 255 255 
31.42988227172977 -10 -1.16394719165768 0 1 0 255 255 255 255 
9.999999301819983 29.99999484865966 1.163438028427741 0.8574928008910059 0.5144959634633625 6.250897711899031e-08 255 255 255 255 
-41.24561758386197 -10 1.218382977491832 0 1 0 255 255 255 255 
-9.999999999999993 22.66442681326588 -8.444462934547861 -0.9999999999999998 8.58264260849515e-09 -1.72824809845126e-09 255 255 255 255 
-12.52757352941177 -2.233455882352949 30 0 0 1 255 255 255 255 
9.351851851851848 -10.87962962962963 30 0 0 1 255 255 255 255 
17.96218156487419 -24.01457418812767 30 -1.609767182507508e-09 -1.638381334268582e-08 0.9999999999999999 255 255 255 255 
50 -12.56341963755879 -13.069283619888 0.9999999999997474 6.159648018652532e-07 -3.547521067334726e-07 255 255 255 255 
14.96212121212122 -2.196969696969688 -30 0 0 -1 255 255 255 255 
-18.88392857142857 -1.651785714285712 -30 0 0 -1 255 255 255 255 
-26.90340909090909 7.982954545454547 -30 -1.228927700622864e-07 8.215421798986875e-08 -0.999999999999989 255 255 255 255 
-17.38973390379699 -22.25098156714875 -30 0 0 -1 255 255 255 255 
12.98828124999998 -30 -17.75390625000001 0 -1 0 255 255 255 255 
-1.060267857142868 -30 -19.453125 0 -1 0 255 255 255 255 
-5.957031250000007 -30 3.69140625 0 -1 0 255 255 255 255 
0.3124999999999929 -30 11.53125000000001 0 -1 0 255 255 255 255 
-15.72265625 -30 0.7617187500000107 0 -1 0 255 255 255 255 
1.746323529411768 -30 18.41911764705883 0 -1 0 255 255 255 255 
-17.1875 -30 17.14285714285715 0 -1 0 255 255 255 255 
4.838435846635441 30 -5.03147947676278 2.783853189549064e-07 0.9999999999999587 7.138534833752045e-08 255 255 255 255 
-29.63709677419355 0.5645161290322598 -25.00000095367432 0 0 1 255 255 255 255 
24.36872489914977 -10 -21.55327642212872 7.634150661129465e-09 0.9999999999998259 5.899336350914695e-07 255 255 255 255 
47.05031798746738 -9.99999995114505 24.99999266304984 3.024141698235087e-06 0.832050778245662 -0.5546994703545721 255 255 255 255 
17.60191930528846 -10 -0.1681562698493693 3.423004032497229e-08 0.9999999999999993 8.825984722095239e-09 255 255 255 255 
27.55220601605531 -10 21.27311438577104 -2.160544777854275e-07 0.9999999999997512 -6.714265101137484e-07 255 255 255 255 
10.00000021093303 -9.999993102153319 13.0480622060751 0.8320505069911982 0.5546998772450645 2.008995278385022e-08 255 255 255 255 
10.00000029344967 0.05359795840517023 -24.99999705710963 0.8574930184552053 9.045567216153685e-08 0.5144956008563851 255 255 255 255 
10 -0.4960051782305186 -19.91490555367525 0.9999999999999997 -1.280118167661934e-08 2.169957077284758e-08 255 255 255 255 
10 22.67237082567908 -17.76326387204894 0.9999999999999991 3.262529096532201e-08 2.665698617832285e-08 255 255 255 255 
10 22.25256379688558 -1.356600394624021 0.9999999999999996 2.762094892638891e-08 7.434519545682609e-09 255 255 255 255 
-20.11312833933617 -10 20.47434776402658 1.364295414682571e-07 0.9999999999996579 -8.157127846818577e-07 255 255 255 255 
-14.66951137827191 -10 -20.25199354260994 -2.485221170591597e-07 0.9999999999999604 1.324672158190623e-07 255 255 255 255 
-10 -5.56813317864766 12.36732270764828 -0.9999999999999267 3.824372778074182e-07 2.08500140839906e-08 255 255 255 255 
-10.00000252735658 -9.999990001229001 -25.00000050642834 -0.3015123357684729 0.3015114329209318 0.9045336738880461 255 255 255 255 
-10 23.87232245311348 14.89700762759147 -0.9999999999999689 2.490632260772527e-07 1.353609003567253e-08 255 255 255 255 
-10.0000003144508 21.54941614817024 -24.99998838321114 -0.8944274419579387 -7.481732681043036e-08 0.4472130935835538 255 255 255 255 
-3.228461613397968 29.99999358064904 29.99999896554476 -1.081334004672048e-07 0.4472139627887013 0.8944270073554433 255 255 255 255 
-46.37527582634957 -26.14204446736818 30 -2.357160060298607e-07 -1.540834380326214e-07 0.9999999999999604 255 255 255 255 
10.00000429442011 29.9999779367649 29.99999985150841 0.1604815123192142 0.3874368079141404 0.9078206893858718 255 255 255 255 
13.80514705882354 20.12867647058824 30 5.399593877488301e-08 9.634053374772611e-08 0.9999999999999938 255 255 255 255 
-17.10761780114392 1.966399198034981 30 0 0 1 255 255 255 255 
19.71354166666667 15.91145833333335 30 3.8713521281117e-08 3.147116422520249e-08 0.9999999999999987 255 255 255 255 
28.06547619047622 -0.7440476190476097 30 0 0 1 255 255 255 255 
37.62500000000001 -7.5625 30 0 0 1 255 255 255 255 
43.59274989310555 -12.32719662540929 30 1.773519248731009e-08 -6.819271714893707e-09 0.9999999999999999 255 255 255 255 
49.99999975425693 -29.99999777723489 9.547889573554542 0.6000001835641883 -0.7999998623268259 -1.04113534376099e-08 255 255 255 255 
49.99999999999999 -20.68917860122994 -7.558583533141881 1 1.494401649189522e-16 -1.376961109613979e-16 255 255 255 255 
-0.07982764131144648 18.20485338068649 -30 0 0 -1 255 255 255 255 
-23.3517575945188 16.6482399167846 -29.99999953433331 -0.4999997400667392 0.500000057598555 -0.7071069242587252 255 255 255 255 
18.63054354314336 -22.49918407648795 -30 0 0 -1 255 255 255 255 
-49.99998340727526 -9.99997807272214 -29.99999861236905 -0.6269422162490219 0.2596902357374585 -0.7345096588523448 255 255 255 255 
1.818894719095233 -25.78196410340325 -30 1.391473048961501e-07 -6.126769508401237e-07 -0.9999999999998027 255 255 255 255 
44.47916666666664 -30 -24.87500000000001 3.867620660149035e-08 -0.9999999999999931 -1.11040708828412e-07 255 255 255 255 
28.61328125 -30 -27.0703125 -2.371770189152348e-08 -0.9999999999999895 -1.424631082782379e-07 255 255 255 255 
49.99999318302095 -29.99999979369025 -14.48019365550389 0.5999995881076085 -0.800000308919089 2.497411762898038e-07 255 255 255 255 
36.66294642857146 -30 -11.98660714285713 0 -1 0 255 255 255 255 
22.17261904761905 -30 9.866071428571438 0 -1 0 255 255 255 255 
-4.11931818181818 -30 -26.46306818181818 -1.505233804945461e-08 -0.9999999999999989 -4.154224861541055e-08 255 255 255 255 
1.233552631578938 -30 -4.588815789473681 0 -1 0 255 255 255 255 
-44.98355263157895 -30 -25.55921052631579 -2.649175101553253e-08 -0.9999999999999871 -1.574299978614369e-07 255 255 255 255 
-49.99999752924577 -29.9999996491455 -14.43453483637708 -0.7071063513614456 -0.7071072110112459 -4.48448416669629e-07 255 255 255 255 
-23.57954545454546 -30 -10.44034090909091 0 -1 0 255 255 255 255 
-7.57211538461538 -30 -1.370192307692299 0 -1 0 255 255 255 255 
-21.54605263157895 -30 -3.75 0 -1 0 255 255 255 255 
-45.80078125 -30 -9.78515625 -3.497103091538411e-08 -0.9999999999999993 -7.651841203571594e-09 255 255 255 255 
7.812499999999993 -30 5.15625 0 -1 0 255 255 255 255 
4.895833333333329 -30 9.3125 0 -1 0 255 255 255 255 
43.75 -30 24.89583333333334 4.852303352066577e-08 -0.9999999999999968 6.48840597189578e-08 255 255 255 255 
17.50221989475659 -29.99999748843323 29.99999970358653 5.808250240626363e-08 -0.5999999545442145 0.800000034091835 255 255 255 255 
4.464285714285722 -30 25.84821428571429 -3.159218482534633e-08 -0.9999999999999907 1.334106756941718e-07 255 255 255 255 
-25.36764705882353 -30 18.58455882352942 0 -1 0 255 255 255 255 
-5.176737081032712 -30.00000001160406 29.99998667384816 -1.647624666828644e-07 -0.894427847224482 0.4472122830483882 255 255 255 255 
-25.52083333333333 -30 26.71875000000001 5.021364821061474e-08 -0.9999999999999826 1.794026033702303e-07 255 255 255 255 
-41.08455882352941 -30 27.84926470588236 -2.008196317511164e-08 -0.9999999999999417 3.408931874525812e-07 255 255 255 255 
2.841993015136552 30 21.53506678197096 1.602771947026715e-07 0.9999999999999868 -2.270847167116117e-08 255 255 255 255 
-16.27550545825197 -9.99999910697807 24.99999979101482 -1.268854038235834e-07 0.7999996157593842 -0.6000005123204659 255 255 255 255 
36.5 -0.2500000000000107 -25.00000095367432 1.968060602451662e-07 5.967547048258638e-08 0.9999999999999789 255 255 255 255 
34.09955480377589 5.900404406858449 -25.00000097865898 0.3162273085513954 0.3162269150789911 0.8944276535896936 255 255 255 255 
31.35613207547171 -4.492924528301881 -25.00000095367432 1.099878565031258e-08 2.760750687559989e-08 0.9999999999999996 255 255 255 255 
40.05003422937197 -0.05003513403933013 29.99999597330788 0.4242652274395211 0.4242645851968246 0.7999991115829178 255 255 255 255 
15.93297101449275 4.139492753623188 25 6.829445936707118e-08 3.156118923265447e-08 -0.9999999999999971 255 255 255 255 
33.19372775411789 -9.999991513088329 24.99999994975765 3.239095840188282e-08 0.7071061595923072 -0.7071074027802404 255 255 255 255 
33.62179487179486 0.6410256410256387 25 1.209861382866806e-08 4.425208710356492e-08 -0.9999999999999989 255 255 255 255 
-9.999999999999993 12.79838102308698 -11.28867833957325 -1 -1.802457760822017e-16 7.380099797040283e-17 255 255 255 255 
5.312500000000007 -1.80288461538461 30 0 0 1 255 255 255 255 
24.65277777777776 -30 -8.385416666666671 0 -1 0 255 255 255 255 
-5.396855001229468 30 2.489322078429367 -1.327596481436991e-06 0.9999999999991184 2.558934242484722e-08 255 255 255 255 
21.52551598677107 -10 -4.303441968566801 0 1 0 255 255 255 255 
-27.8654863352486 -10 12.69690017155138 0 1 0 255 255 255 255 
4.046875000000007 13.73437500000001 30 0 0 1 255 255 255 255 
7.947916666666671 16.11458333333334 30 0 0 1 255 255 255 255 
21.63149408122035 -12.31448203411808 30 0 0 1 255 255 255 255 
27.55681818181819 -5.05681818181818 30 0 0 1 255 255 255 255 
-5.099085365853661 11.71493902439024 -30 0 0 -1 255 255 255 255 
18.38942307692308 -12.57211538461539 -30 0 0 -1 255 255 255 255 
29.40340909090909 -30 5.411931818181827 0 -1 0 255 255 255 255 
36.04166666666666 -30 7.8125 0 -1 0 255 255 255 255 
-39.84375 -30 -7.96875 0 -1 0 255 255 255 255 
13.51902173913043 -30 21.5625 0 -1 0 255 255 255 255 
13.43749999999999 -30 14.71875 0 -1 0 255 255 255 255 
-35.83984375 -30 22.8515625 0 -1 0 255 255 255 255 
-18.39673913043479 15.38949275362318 -25.00000095367432 -1.372840566841162e-07 9.282102548440088e-08 0.9999999999999863 255 255 255 255 
45.06363456362079 -5.06363463231704 29.9999979368471 0.5656858094803228 0.5656871631480381 0.5999979986650931 255 255 255 255 
10 23.25855726242448 4.659395102019481 0.9999999999999996 2.815534871584128e-08 -1.227679374518191e-08 255 255 255 255 
-36.70558565305135 -10 18.72549991834407 -5.266451903809876e-09 0.9999999999999953 -9.587535574104917e-08 255 255 255 255 
-28.04804834182298 -10 -3.359097798893782 0 1 0 255 255 255 255 
-16.66083597026574 -10 -5.233890522731041 -2.315932544380696e-09 1 3.37305815593281e-09 255 255 255 255 
-9.999999999999993 14.72894932896202 0.5857365491331308 -1 5.387533390443148e-16 2.911090673237016e-16 255 255 255 255 
2.666015625 -7.373046874999989 30 0 0 1 255 255 255 255 
1.599144044452089 -15.89172594730502 -30 0 0 -1 255 255 255 255 
1.630434782608702 -10.21739130434782 -30 0 0 -1 255 255 255 255 
-21.22159090909091 7.187500000000007 -30 0 0 -1 255 255 255 255 
6.617647058823522 -30 -2.150735294117641 0 -1 0 255 255 255 255 
9.895833333333343 -30 -6.562499999999989 0 -1 0 255 255 255 255 
3.749999999999993 -30 -21.328125 0 -1 0 255 255 255 255 
0.7812499999999929 -30 8.169642857142861 0 -1 0 255 255 255 255 
-12.36979166666666 -30 5.859375 0 -1 0 255 255 255 255 
-24.57236842105264 2.138157894736842 25 0 0 -1 255 255 255 255 
13.37517213694962 -10 -5.575678576774639 1.872162171007225e-07 0.9999999999999822 -1.517090264226307e-08 255 255 255 255 
22.09103305173142 -10 18.11018129392313 6.184675983607988e-09 0.9999999999999998 -1.760056414059819e-08 255 255 255 255 
10.00000266403681 -9.99999943701339 19.98680729208237 0.4472149282403377 0.8944265246278695 -1.049036629760005e-06 255 255 255 255 
10 6.078519208394212 1.680540582755221 1 0 0 255 255 255 255 
10 26.64767420173851 8.982402746774049 0.9999999999998116 6.133666171042124e-07 2.305508245882047e-08 255 255 255 255 
10 24.921875 19.19979591823741 0.999999999999996 4.468447461821585e-08 7.818820695748381e-08 255 255 255 255 
-46.75108055924802 -10 15.32357450990515 -9.913013203385744e-07 0.9999999999995051 -8.378778088675975e-08 255 255 255 255 
-43.64561738772581 -10 -18.64268262688707 -4.681999879015578e-08 0.9999999999999943 9.645165254911815e-08 255 255 255 255 
-34.28384451463038 -10 -10.28146927071536 0 1 0 255 255 255 255 
-31.42507530141082 -10 -20.60082154672514 -3.784085096373391e-08 0.9999999999999861 1.623337711215091e-07 255 255 255 255 
-13.24923618150066 -9.999999783050932 -24.9999975684643 -9.532949874949052e-07 0.8320503613287564 0.5547000957380277 255 255 255 255 
-10 6.782819925551848 -11.36811773895338 -1 3.950169495173418e-16 -9.784576138757569e-17 255 255 255 255 
-9.999999999999993 20.7934450310633 1.422746950259231 -1 1.53404236428932e-09 2.309510765589299e-10 255 255 255 255 
-10 20.21369781037678 -17.346064923218 -0.9999999999999998 -4.141245620961096e-10 1.636117257674527e-08 255 255 255 255 
-10.00000216275638 15.48838079866685 -24.99999968591135 -0.6000003909902488 -4.019305336072819e-07 0.799999706757063 255 255 255 255 
-50 -26.90843194182397 6.466397552953133 -0.9999999999897089 -4.07274495357835e-06 -1.998799889204238e-06 255 255 255 255 
-14.96937633162492 11.37110776675116 30 0 0 1 255 255 255 255 
-19.95660904505579 -5.919725956943001 30 0 0 1 255 255 255 255 
29.93990384615387 3.353365384615387 30 5.577554204682012e-08 7.410317470890995e-08 0.9999999999999957 255 255 255 255 
35.45833333333336 0.7916666666666714 30 3.76154677824782e-07 6.498295146391545e-08 0.9999999999999272 255 255 255 255 
11.18477285448091 -16.08542080379298 30 0 0 1 255 255 255 255 
42.52976190476191 -8.422619047619051 30 1.445979602773593e-07 1.408051300191086e-07 0.9999999999999796 255 255 255 255 
50 -15.06272132836276 16.90984786033706 0.9999999999997703 6.737594880229252e-07 7.297939057493696e-08 255 255 255 255 
49.99999871175407 -29.99999940583482 25.98411401442537 0.8320502139530216 -0.5547003168024365 8.705318637514085e-08 255 255 255 255 
50 -25.28396911232231 -10.88590839286882 0.9999999999995587 -9.264083271567767e-07 1.557863300378138e-07 255 255 255 255 
-3.140074257684887 22.39065782458244 -30 6.161314704695167e-09 2.962211095137598e-08 -0.9999999999999997 255 255 255 255 
13.15123652152908 -26.39083973093144 -30 1.055539898885428e-09 -3.114122100038632e-07 -0.9999999999999516 255 255 255 255 
-17.045352573313 -26.13681750567187 -30 4.606249562693425e-07 -1.292805784157962e-06 -0.9999999999990582 255 255 255 255 
39.4345238095238 -30 -6.741071428571431 0 -1 0 255 255 255 255 
37.60416666666664 -30 18.375 0 -1 0 255 255 255 255 
-11.45833333333334 -30 -14.0625 0 -1 0 255 255 255 255 
-36.81101752437375 -29.99999968720287 -29.99999627427827 1.376655183521615e-07 -0.8320504910246475 -0.5546999011948931 255 255 255 255 
-40.74519230769231 -30 -17.37980769230769 -2.513910600615445e-09 -1 9.806196905078963e-10 255 255 255 255 
-14.35546875000001 -30 -6.73828125 0 -1 0 255 255 255 255 
9.374999999999993 -30 9.9609375 0 -1 0 255 255 255 255 
37.79296874999999 -30 26.30859375000001 -1.390467605727428e-08 -0.999999999999992 1.252835927015405e-07 255 255 255 255 
3.472222222222221 -30 22.29166666666666 0 -1 0 255 255 255 255 
-44.04761904761904 -30 9.508928571428577 -9.190012769179709e-09 -0.9999999999999998 3.222289561182628e-09 255 255 255 255 
-9.598214285714278 -30 25.51339285714286 -3.093313496456076e-10 -1 -1.960983172982004e-09 255 255 255 255 
-35.70828130580946 4.291717665358881 -29.99999954085508 -0.5000001046513085 0.4999999861536775 -0.7071067169777154 255 255 255 255 
-34.86007462686567 -4.972014925373131 -25.00000095367432 -4.79845372894751e-08 4.069259551415184e-07 0.9999999999999161 255 255 255 255 
-32.67857142857143 2.351190476190467 -25.00000095367432 -2.204435768566962e-07 2.50374847153621e-07 0.9999999999999444 255 255 255 255 
10.00000319999565 15.18842577349884 -24.99999898926153 0.7071068107788411 -8.822833268382626e-09 0.7071067515942526 255 255 255 255 
10.00000328204156 13.24656739749538 24.99999990841493 0.7071061273365056 1.216342431766755e-06 -0.7071074350349388 255 255 255 255 
-10 11.26036244490617 -4.132264958620219 -1 3.435272599843723e-16 2.9043294855361e-17 255 255 255 255 
10.1450892857143 -2.488839285714281 30 0 0 1 255 255 255 255 
9.103260869565219 2.201086956521742 30 0 0 1 255 255 255 255 
2.011718750000007 1.07421875 30 0 0 1 255 255 255 255 
25.44297917600268 -0.4116164601033212 -30 0 0 -1 255 255 255 255 
-4.888392857142847 -8.147321428571431 -30 0 0 -1 255 255 255 255 
-11.80555555555554 0.2777777777777786 -30 0 0 -1 255 255 255 255 
-10.16579917059929 -26.92052241084413 -30 -4.733592376974641e-07 -1.374753505621462e-06 -0.999999999998943 255 255 255 255 
-24.3735559423961 -26.82560700651985 -30 -4.295674174686362e-07 -2.285588550561859e-06 -0.9999999999972957 255 255 255 255 
-23.27392711844548 -22.63802286144553 -30 0 0 -1 255 255 255 255 
22.62731481481481 -30 -4.270833333333329 0 -1 0 255 255 255 255 
5.915178571428577 -30 -16.60714285714285 0 -1 0 255 255 255 255 
-6.657608695652179 -30 15.08152173913043 0 -1 0 255 255 255 255 
-26.85483870967742 4.939516129032263 25 -9.518817583277375e-09 1.564695789593743e-08 -0.9999999999999998 255 255 255 255 
23.44318181818181 6.125 25 0 0 -1 255 255 255 255 
16.74026200397826 -10 -17.11894291998936 6.472820697636044e-08 0.9999999999999979 1.016352481907979e-08 255 255 255 255 
17.10107298589153 -10 17.40825916155442 1.894214190856091e-08 0.9999999999999997 -1.319193476383907e-08 255 255 255 255 
10 12.5482136885183 -14.58859575868942 1 -1.061022446823064e-16 -3.928904711016565e-16 255 255 255 255 
10 -1.213272784890421 18.93927221357647 0.999999999999985 1.973047191213875e-08 -1.718691305925623e-07 255 255 255 255 
-21.63747380850229 -10 11.05448466315892 0 1 0 255 255 255 255 
-20.23989529733935 -10 -0.2091170225413599 0 1 0 255 255 255 255 
-10 24.94264558227163 5.86463428203232 -0.9999999999999994 2.718827157370429e-08 8.780656178629849e-09 255 255 255 255 
12.25000000000001 17.5 30 0 0 1 255 255 255 255 
-14.53125 -12.03125 30 0 0 1 255 255 255 255 
50 -26.47482756805863 22.17670108047956 0.9999999999999536 -2.992833759668539e-07 5.689877192061984e-08 255 255 255 255 
49.99999999999999 -25.55090019688004 -17.7634335064778 0.9999999999998951 -4.475343149813963e-07 9.889474794050885e-08 255 255 255 255 
17.26751573707107 18.88921073130188 -30 5.953933425921881e-07 1.001856156416352e-06 -0.9999999999993209 255 255 255 255 
28.0078125 -19.2578125 -30 0 0 -1 255 255 255 255 
43.203125 -30 -17.671875 1.12042248712159e-08 -0.9999999999999998 1.995894827465979e-09 255 255 255 255 
31.6875 -30 -15.45 0 -1 0 255 255 255 255 
25.68359375 -30 -18.22265625 0 -1 0 255 255 255 255 
26.35416666666663 -30 -21.81250000000001 0 -1 0 255 255 255 255 
33.38815789473684 -30 16.23355263157895 0 -1 0 255 255 255 255 
26.30208333333331 -30 16.51041666666666 0 -1 0 255 255 255 255 
22.76785714285714 -30 5.892857142857153 0 -1 0 255 255 255 255 
-5.87797619047619 -30 -12.58928571428571 0 -1 0 255 255 255 255 
-23.08238636363637 -30 0.2130681818181799 0 -1 0 255 255 255 255 
-28.03819444444444 -30 -2.8125 0 -1 0 255 255 255 255 
20.95588235294117 -30 13.2904411764706 0 -1 0 255 255 255 255 
21.78308823529412 -30 22.27941176470588 0 -1 0 255 255 255 255 
25.28784390576328 -29.99999949823692 29.9999966938592 4.038360826904179e-08 -0.8574928804067862 0.514495830937114 255 255 255 255 
17.1875 -30 26.34868421052632 -3.468600400767972e-08 -0.9999999999999561 2.944108871036526e-07 255 255 255 255 
-22.96875 -30 23.25 0 -1 0 255 255 255 255 
-39.77272727272727 -30 23.52272727272727 5.984910771163472e-09 -0.9999999999999986 5.186790563572143e-08 255 255 255 255 
-19.85953303336936 20.14046641001383 29.9999942919806 -0.5656864028988018 0.5656856010413243 0.5999989119572887 255 255 255 255 
-16.12028301886792 9.823113207547173 -25.00000095367432 -1.388708083334455e-08 2.479393208944692e-10 0.9999999999999999 255 255 255 255 
37.72499999999998 -6.399999999999999 -25.00000095367432 9.86260928455728e-08 2.268375946910516e-07 0.9999999999999694 255 255 255 255 
39.19830688869847 -9.99999833700986 24.99999925855066 7.847616840583859e-08 0.5999999612163395 -0.80000002908774 255 255 255 255 
30.89285714285714 -10 -20.65020367711752 -2.510938619895563e-08 0.9999999999999821 1.873784166262307e-07 255 255 255 255 
30.20490051229552 -10 -12.75272034270437 0 1 0 255 255 255 255 
14.97932692240917 -10 7.706528781135241 2.613255393920007e-07 0.9999999999999653 -3.754055655359494e-08 255 255 255 255 
-31.4770325493544 -10 19.6852050274863 2.948884800615395e-08 0.9999999999999957 -8.776895256147928e-08 255 255 255 255 
-9.999999862690757 29.99999859673974 -3.795310369261319 -0.7071071612848033 0.70710640108791 5.006951504815891e-07 255 255 255 255 
-10 11.41748865215761 -18.44497711714386 -0.9999999999999886 -5.287108822852789e-08 1.420763275704747e-07 255 255 255 255 
-10.00000155675404 10.07634703039524 -25.00000069888415 -0.6000000069458776 -9.537191988335896e-08 0.7999999947905861 255 255 255 255 
-22.7231223438956 11.63656972206106 30 -8.074567273510563e-08 1.548478580177107e-08 0.9999999999999967 255 255 255 255 
50 -22.5214315377636 17.32489513495418 0.9999999999999952 -8.275051643631149e-08 -4.99118586049694e-08 255 255 255 255 
50 -22.53977317953958 7.814062641756543 0.9999999999999973 -2.80801215180891e-08 6.758199867337917e-08 255 255 255 255 
20.19857333525498 2.607674742080057 -30 0 0 -1 255 255 255 255 
-15.29017857142857 5.558035714285722 -30 0 0 -1 255 255 255 255 
0.03672225693650688 -20.44779843517836 -30 0 0 -1 255 255 255 255 
-5.135540103538517 -23.17614055318662 -30 0 0 -1 255 255 255 255 
45.85597826086955 -30 2.160326086956523 1.141424051568931e-07 -0.9999999999999905 7.88708730679757e-08 255 255 255 255 
23.4375 -30 1.55048076923077 0 -1 0 255 255 255 255 
11.50568181818183 -30 -1.78977272727273 0 -1 0 255 255 255 255 
-2.734375000000007 -30 -16.40625 0 -1 0 255 255 255 255 
10.06944444444444 -30 -25.00000000000001 -4.594358289449807e-09 -0.9999999999999991 -4.120408342345719e-08 255 255 255 255 
-0.1302083333333428 -30 4.765625000000007 0 -1 0 255 255 255 255 
3.400735294117638 -30 14.55882352941178 0 -1 0 255 255 255 255 
-27.05965909090909 -30 2.55681818181818 0 -1 0 255 255 255 255 
-32.1169402386444 7.883047773761653 25.00000014529817 -0.3162273753636819 0.3162278247993376 -0.8944273083338167 255 255 255 255 
-33.49565186142751 6.504346906449832 -25.00000343466692 -0.5000000970313928 0.5000000681207356 0.707106664406338 255 255 255 255 
10.00002767028979 8.391752857747733 24.99999999152289 0.5999987550242375 7.729415749587723e-07 -0.8000009337299347 255 255 255 255 
43.22440149482591 -10 15.21002212306657 8.532081165537551e-09 0.9999999999999999 7.901148041725624e-09 255 255 255 255 
10.00000130534592 -9.999999089751711 -0.1519518550695302 0.7071068558278262 0.7071067065452608 -2.297642031443604e-08 255 255 255 255 
-49.99999623813608 -9.999999932935619 -24.99999203882836 -0.8357233104893735 0.527010826897821 0.1543571722893267 255 255 255 255 
-10.00000216364802 -9.999999339092479 20.03207468398051 -0.7071067939960338 0.7071067683769223 -4.428508807759034e-07 255 255 255 255 
-50 -16.20289480048173 -8.531501068702251 -0.9999999999999744 2.125653983993424e-07 -7.673454011240672e-08 255 255 255 255 
-49.9999974244253 -10.00000021199696 -5.75731126806372 -0.7071066376450252 0.7071069247280372 -6.81333905991928e-08 255 255 255 255 
-49.99999951475976 -10.00000237852369 0.02008286678729831 -0.7071068357809946 0.7071067265920939 -5.403761674987486e-08 255 255 255 255 
-5.126192882264803 18.47876078217246 30 -3.322656502076896e-09 2.620068128330397e-08 0.9999999999999997 255 255 255 255 
-46.34229873651125 -6.34229947107405 29.99999934079327 -0.3922328381495752 0.3922321911680323 0.8320500639316443 255 255 255 255 
-11.90806396766757 -26.16604900551701 30 4.476797304007037e-09 -5.091885574434328e-07 0.9999999999998703 255 255 255 255 
-35.76311006969019 -29.99999874014093 29.9999992982444 4.083675671036196e-09 -0.7999998709842367 0.6000001720209792 255 255 255 255 
-28.44215587725126 -29.99999898852343 29.99999879036932 3.263636113502676e-08 -0.707106721239778 0.7071068411333112 255 255 255 255 
49.99999696222601 -29.99999988756486 20.39432736078136 0.4472135215267164 -0.8944272279865316 -4.68896885178496e-08 255 255 255 255 
49.99999966215275 -10.00000131998211 0.6179340200698711 0.7999999830548398 0.600000022593543 -6.264432073945248e-08 255 255 255 255 
49.9999999144873 -25.62066032643379 -29.99999276171204 0.8320504505733211 -7.451821136681125e-07 -0.5546999618714411 255 255 255 255 
44.87257126011261 -4.872573849809381 -29.99999744595351 0.4999996297680935 0.5000000157684459 -0.707107031829923 255 255 255 255 
30.52237782076544 -13.13825038090512 -30 0 0 -1 255 255 255 255 
29.57496660163685 -24.40954550847395 -30 0 0 -1 255 255 255 255 
-43.49940967276057 -11.30886218708683 -30 -9.277215123775754e-08 1.882956101658314e-08 -0.9999999999999956 255 255 255 255 
35.414040598806 -29.99999949897839 -29.99999844047218 2.253090711133536e-08 -0.7071068529499983 -0.7071067094230892 255 255 255 255 
-38.76979340470056 -24.91464367955691 -30 -4.468717256661317e-08 -3.943461207321105e-08 -0.9999999999999982 255 255 255 255 
36.56249999999999 -30 22.6875 0 -1 0 255 255 255 255 
13.92045454545455 -30 7.372159090909093 0 -1 0 255 255 255 255 
0.4312215207896202 29.99999999999999 -8.365265509611309 6.423595977636051e-17 1 3.035884529127533e-16 255 255 255 255 
6.023063522012158 30 -20.20062251526907 4.884533987489873e-07 0.999999999999841 2.812412349897758e-07 255 255 255 255 
26.30594507321413 13.69405388782568 25.00000223362396 0.5656857390941934 0.5656858399380374 -0.5999993125654838 255 255 255 255 
3 615 611 501 
3 349 350 670 
3 714 249 713 
3 260 720 279 
3 404 213 915 
3 20 73 7 
3 834 115 625 
3 690 968 938 
3 456 736 413 
3 144 777 129 
3 549 692 353 
3 178 124 277 
3 366 369 461 
3 762 951 678 
3 385 979 372 
3 595 870 470 
3 444 6 978 
3 4 109 74 
3 784 437 110 
3 561 101 560 
3 800 89 654 
3 453 205 512 
3 971 756 807 
3 702 894 808 
3 458 673 162 
3 101 561 501 
3 385 225 773 
3 611 101 501 
3 476 690 889 
3 477 735 478 
3 597 382 622 
3 121 414 672 
3 389 908 851 
3 60 887 61 
3 32 24 15 
3 124 590 166 
3 428 67 602 
3 295 137 772 
3 598 471 10 
3 4 74 7 
3 605 344 76 
3 444 116 565 
3 88 118 639 
3 565 445 996 
3 804 539 709 
3 83 622 382 
3 458 162 842 
3 974 147 900 
3 479 402 547 
3 871 463 848 
3 97 167 824 
3 907 209 464 
3 752 911 912 
3 972 939 405 
3 739 424 16 
3 274 264 367 
3 730 393 472 
3 234 526 833 
3 529 991 620 
3 116 171 638 
3 89 996 474 
3 838 452 541 
3 542 941 936 
3 839 248 195 
3 3 75 779 
3 123 150 265 
3 846 515 592 
3 36 125 444 
3 280 906 434 
3 746 182 849 
3 905 232 556 
3 141 21 37 
3 910 964 420 
3 640 420 2 
3 60 421 796 
3 826 421 60 
3 755 486 803 
3 75 129 777 
3 15 83 32 
3 325 152 365 
3 333 284 177 
3 680 16 333 
3 917 684 519 
3 740 519 258 
3 288 336 156 
3 977 859 588 
3 0 65 585 
3 266 220 46 
3 220 492 165 
3 492 26 355 
3 134 428 602 
3 105 866 698 
3 107 867 592 
3 203 223 358 
3 72 125 36 
3 978 791 444 
3 603 601 359 
3 73 20 301 
3 7 73 4 
3 434 556 605 
3 232 302 231 
3 926 419 555 
3 375 609 304 
3 879 610 700 
3 113 812 376 
3 306 505 241 
3 750 85 633 
3 792 118 88 
3 910 640 380 
3 911 538 641 
3 421 5 932 
3 933 448 934 
3 837 312 706 
3 378 808 882 
3 799 649 246 
3 449 641 412 
3 997 712 658 
3 808 894 997 
3 714 813 945 
3 129 175 144 
3 83 382 32 
3 24 1 15 
3 545 93 322 
3 322 34 33 
3 349 594 131 
3 672 401 121 
3 131 373 401 
3 122 135 371 
3 818 177 284 
3 424 197 577 
3 548 767 0 
3 327 258 289 
3 62 685 684 
3 686 562 687 
3 519 740 917 
3 762 467 335 
3 768 265 520 
3 47 225 385 
3 49 985 111 
3 464 209 40 
3 476 173 690 
3 546 738 899 
3 415 548 739 
3 741 551 198 
3 860 765 156 
3 278 52 329 
3 845 954 279 
3 694 849 388 
3 613 559 558 
3 283 488 161 
3 401 672 332 
3 367 82 578 
3 976 377 164 
3 154 66 864 
3 338 865 433 
3 553 870 595 
3 92 48 98 
3 236 237 702 
3 80 394 928 
3 884 114 788 
3 170 395 884 
3 636 308 507 
3 886 380 244 
3 998 511 797 
3 397 640 798 
3 316 800 315 
3 710 512 838 
3 893 711 807 
3 399 810 248 
3 814 663 946 
3 973 574 93 
3 818 576 817 
3 462 822 366 
3 182 904 849 
3 747 439 100 
3 747 100 610 
3 464 529 621 
3 403 5 826 
3 760 103 999 
3 830 138 525 
3 231 925 831 
3 959 440 881 
3 628 503 239 
3 732 733 115 
3 930 627 992 
3 191 386 102 
3 411 703 532 
3 542 543 941 
3 546 25 718 
3 761 899 365 
3 462 550 950 
3 481 150 123 
3 330 598 10 
3 786 207 960 
3 963 362 850 
3 331 645 403 
3 572 213 571 
3 183 405 757 
3 489 214 972 
3 660 390 489 
3 573 916 973 
3 574 858 251 
3 737 948 688 
3 948 162 688 
3 424 577 576 
3 584 467 724 
3 370 901 218 
3 34 338 33 
3 865 428 134 
3 35 866 340 
3 873 167 776 
3 601 298 299 
3 978 300 698 
3 781 554 604 
3 880 611 843 
3 879 436 29 
3 235 77 113 
3 960 646 786 
3 238 209 159 
3 84 961 626 
3 852 751 505 
3 172 993 307 
3 193 794 509 
3 570 645 448 
3 968 397 754 
3 655 451 449 
3 940 317 540 
3 712 513 936 
3 614 943 174 
3 248 895 758 
3 249 714 250 
3 814 600 663 
3 457 760 742 
3 121 373 252 
3 774 324 869 
3 325 365 135 
3 873 675 957 
3 717 674 253 
3 326 367 578 
3 818 284 576 
3 424 739 197 
3 415 370 767 
3 415 767 548 
3 255 820 685 
3 460 682 132 
3 150 589 95 
3 907 621 12 
3 687 562 721 
3 516 331 465 
3 216 152 688 
3 256 499 1001 
3 336 288 217 
3 184 136 19 
3 874 298 598 
3 927 646 959 
3 189 616 368 
3 537 836 475 
3 475 837 271 
3 540 691 539 
3 540 541 691 
3 691 541 23 
3 839 195 543 
3 623 674 622 
3 402 679 547 
3 692 480 259 
3 770 742 844 
3 848 463 903 
3 555 280 745 
3 731 158 695 
3 158 360 302 
3 57 281 989 
3 967 854 569 
3 283 249 488 
3 131 401 332 
3 858 575 251 
3 764 859 977 
3 65 520 585 
3 132 697 921 
3 426 769 668 
3 108 72 656 
3 483 229 303 
3 74 230 778 
3 229 778 303 
3 393 375 304 
3 700 832 126 
3 188 169 559 
3 561 560 236 
3 438 236 702 
3 79 501 361 
3 881 361 959 
3 616 989 368 
3 929 238 159 
3 620 141 503 
3 994 25 411 
3 118 885 639 
3 380 886 910 
3 485 969 90 
3 311 706 510 
3 754 798 212 
3 754 397 798 
3 173 380 640 
3 892 651 708 
3 451 891 315 
3 486 757 657 
3 896 599 455 
3 713 49 714 
3 955 196 50 
3 133 400 66 
3 669 321 33 
3 349 348 594 
3 414 121 816 
3 25 546 39 
3 774 351 324 
3 738 718 35 
3 238 148 177 
3 326 949 367 
3 148 679 333 
3 577 197 580 
3 684 685 823 
3 151 226 693 
3 463 824 903 
3 444 125 6 
3 432 53 206 
3 10 471 603 
3 11 43 261 
3 849 904 825 
3 44 906 280 
3 612 235 99 
3 646 960 440 
3 86 964 910 
3 915 213 572 
3 364 999 103 
3 162 216 688 
3 16 424 284 
3 285 917 740 
3 467 584 335 
3 861 919 725 
3 767 768 65 
3 743 96 291 
3 35 340 493 
3 68 922 222 
3 772 469 295 
3 357 595 699 
3 596 296 70 
3 656 801 108 
3 471 598 298 
3 383 27 418 
3 777 11 983 
3 261 875 139 
3 608 186 407 
3 126 832 557 
3 141 990 239 
3 625 115 788 
3 563 127 834 
3 834 127 732 
3 734 630 190 
3 386 532 85 
3 531 508 532 
3 644 22 309 
3 118 87 885 
3 647 271 837 
3 935 475 271 
3 968 173 397 
3 804 940 539 
3 541 452 891 
3 943 944 119 
3 735 347 661 
3 735 155 347 
3 813 664 477 
3 273 544 263 
3 545 669 92 
3 670 348 349 
3 898 39 147 
3 740 258 682 
3 683 549 353 
3 951 952 406 
3 952 491 198 
3 491 583 198 
3 860 156 276 
3 920 165 481 
3 19 136 384 
3 416 665 955 
3 268 870 824 
3 524 431 108 
3 980 206 168 
3 180 181 56 
3 528 207 566 
3 57 960 207 
3 528 281 57 
3 502 210 961 
3 211 562 563 
3 851 908 687 
3 966 913 567 
3 966 568 913 
3 972 214 317 
3 660 661 390 
3 544 815 400 
3 760 666 130 
3 573 973 383 
3 916 332 858 
3 251 575 671 
3 974 673 51 
3 673 323 51 
3 819 576 577 
3 149 257 256 
3 274 678 951 
3 989 81 199 
3 723 287 336 
3 976 217 582 
3 763 582 950 
3 724 918 425 
3 724 859 764 
3 767 370 218 
3 586 520 17 
3 356 589 862 
3 697 861 766 
3 124 862 277 
3 769 426 266 
3 844 742 863 
3 845 34 954 
3 720 428 689 
3 106 981 291 
3 106 867 339 
3 868 727 135 
3 223 979 773 
3 252 373 47 
3 594 348 184 
3 184 348 716 
3 294 384 136 
3 295 224 429 
3 167 872 776 
3 598 330 342 
3 105 300 204 
3 603 471 601 
3 73 359 4 
3 301 433 359 
3 301 359 73 
3 947 54 43 
3 417 418 958 
3 497 925 780 
3 139 498 76 
3 303 78 608 
3 778 230 140 
3 785 169 188 
3 188 559 560 
3 235 113 376 
3 747 45 809 
3 881 377 79 
3 881 79 361 
3 561 361 501 
3 57 616 960 
3 927 561 438 
3 959 361 927 
3 646 927 988 
3 883 787 528 
3 795 883 642 
3 80 928 795 
3 345 883 928 
3 208 928 394 
3 578 37 21 
3 15 58 83 
3 991 21 620 
3 961 84 502 
3 142 239 990 
3 170 115 733 
3 789 505 323 
3 306 962 852 
3 323 751 51 
3 12 38 506 
3 503 628 379 
3 239 629 172 
3 631 632 850 
3 635 242 192 
3 532 508 411 
3 362 963 964 
3 850 87 963 
3 172 629 995 
3 445 534 996 
3 793 509 629 
3 795 642 643 
3 447 887 643 
3 448 645 90 
3 566 786 965 
3 786 646 311 
3 647 837 706 
3 882 808 988 
3 888 935 271 
3 935 658 537 
3 511 313 568 
3 568 313 967 
3 941 454 998 
3 853 245 650 
3 212 798 2 
3 650 423 649 
3 538 412 641 
3 272 655 449 
3 653 451 315 
3 800 316 656 
3 655 450 451 
3 247 802 652 
3 247 892 709 
3 657 757 804 
3 452 838 805 
3 805 512 205 
3 940 972 317 
3 710 453 512 
3 806 893 807 
3 895 810 487 
3 810 376 487 
3 896 318 736 
3 487 376 812 
3 456 663 299 
3 664 986 946 
3 400 815 66 
3 667 955 50 
3 382 715 120 
3 50 999 364 
3 120 364 176 
3 1000 426 668 
3 669 545 321 
3 322 93 251 
3 93 574 251 
3 573 146 332 
3 121 401 373 
3 671 414 816 
3 816 121 372 
3 121 252 372 
3 371 324 122 
3 596 957 737 
3 352 688 152 
3 122 352 325 
3 597 674 717 
3 135 365 899 
3 761 216 900 
3 216 673 974 
3 35 718 978 
3 459 818 817 
3 148 547 679 
3 580 197 334 
3 415 680 370 
3 682 460 821 
3 460 975 821 
3 337 461 369 
3 975 902 259 
3 975 259 285 
3 683 3 41 
3 480 149 1001 
3 62 1001 685 
3 366 684 823 
3 950 822 462 
3 950 550 94 
3 763 94 615 
3 384 151 225 
3 621 907 464 
3 68 222 203 
3 474 996 534 
3 839 543 942 
3 951 406 274 
3 179 743 67 
3 294 552 151 
3 410 620 503 
3 855 485 753 
3 213 486 755 
3 415 739 16 
3 725 953 64 
3 338 433 301 
3 430 69 296 
3 956 70 268 
3 71 871 848 
3 170 443 395 
3 703 634 85 
3 653 654 398 
3 891 316 315 
3 657 709 892 
3 952 198 406 
3 914 13 516 
3 919 337 860 
3 356 166 219 
3 766 64 153 
3 184 71 136 
3 924 871 71 
3 341 872 97 
3 359 433 603 
3 9 111 112 
3 530 190 930 
3 531 191 635 
3 537 475 935 
3 690 173 968 
3 412 538 314 
3 940 540 539 
3 813 477 478 
3 400 145 215 
3 95 356 977 
3 847 203 202 
3 97 872 167 
3 53 342 168 
3 557 731 695 
3 631 851 721 
3 633 751 852 
3 650 799 853 
3 584 491 335 
3 276 953 725 
3 725 64 766 
3 861 697 132 
3 522 829 954 
3 293 222 771 
3 743 291 67 
3 105 981 106 
3 292 96 201 
3 385 773 979 
3 903 226 552 
3 43 875 261 
3 604 55 781 
3 729 232 231 
3 526 784 110 
3 785 188 101 
3 236 438 561 
3 619 84 240 
3 835 346 506 
3 630 632 631 
3 88 2 792 
3 969 88 639 
3 937 511 966 
3 314 244 380 
3 450 23 451 
3 49 9 714 
3 814 140 600 
3 175 129 91 
3 675 948 957 
3 459 326 991 
3 42 198 490 
3 463 97 824 
3 787 345 281 
3 403 826 913 
3 16 284 333 
3 769 46 521 
3 266 18 220 
3 829 522 922 
3 100 527 408 
3 374 111 985 
3 409 613 614 
3 30 748 345 
3 40 618 464 
3 58 143 114 
3 190 835 627 
3 387 193 310 
3 194 476 889 
3 272 412 476 
3 476 314 173 
3 155 413 347 
3 514 764 587 
3 727 107 482 
3 416 744 463 
3 55 604 418 
3 606 55 180 
3 158 302 695 
3 695 302 232 
3 346 484 749 
3 319 320 175 
3 415 16 680 
3 285 821 975 
3 684 461 519 
3 490 81 579 
3 164 104 976 
3 218 123 767 
3 17 95 588 
3 153 697 766 
3 132 921 460 
3 591 522 954 
3 221 829 922 
3 871 924 665 
3 10 134 602 
3 879 700 746 
3 621 992 38 
3 395 443 623 
3 84 504 240 
3 38 835 506 
3 508 994 411 
3 704 793 80 
3 808 888 707 
3 707 888 648 
3 654 890 398 
3 451 23 891 
3 317 710 838 
3 317 363 710 
3 840 711 893 
3 894 237 174 
3 839 399 248 
3 544 91 815 
3 319 947 320 
3 973 916 574 
3 898 147 974 
3 550 820 843 
3 1001 62 480 
3 551 490 198 
3 95 589 356 
3 26 719 277 
3 515 923 847 
3 851 687 721 
3 722 909 686 
3 854 516 465 
3 403 570 5 
3 915 262 404 
3 458 253 789 
3 286 82 264 
3 104 164 368 
3 336 354 156 
3 17 265 150 
3 492 220 18 
3 863 154 290 
3 340 867 107 
3 267 224 295 
3 252 47 385 
3 470 429 185 
3 296 523 268 
3 341 97 744 
3 168 330 269 
3 605 556 729 
3 925 782 780 
3 270 234 833 
3 110 820 878 
3 100 558 527 
3 560 101 188 
3 237 236 409 
3 884 83 58 
3 305 834 625 
3 190 630 835 
3 934 705 794 
3 934 794 193 
3 936 797 537 
3 652 655 272 
3 802 539 652 
3 119 944 839 
3 195 758 971 
3 811 735 660 
3 811 478 735 
3 477 841 155 
3 841 946 413 
3 133 427 145 
3 670 350 146 
3 624 253 674 
3 547 677 676 
3 679 680 333 
3 490 199 81 
3 328 514 953 
3 288 156 765 
3 355 862 589 
3 844 719 770 
3 26 770 719 
3 278 178 200 
3 358 202 203 
3 594 19 157 
3 693 494 773 
3 494 693 357 
3 848 903 552 
3 268 824 956 
3 956 824 167 
3 606 745 781 
3 280 434 498 
3 388 609 694 
3 158 500 360 
3 747 610 29 
3 57 207 528 
3 961 907 12 
3 12 749 626 
3 749 282 504 
3 282 562 211 
3 850 362 389 
3 563 564 127 
3 312 567 60 
3 567 913 826 
3 569 854 465 
3 854 422 516 
3 753 485 645 
3 485 212 969 
3 970 571 755 
3 758 487 161 
3 487 812 283 
3 759 250 518 
3 14 489 972 
3 518 660 14 
3 31 128 363 
3 129 75 815 
3 459 991 618 
3 678 274 367 
3 952 951 335 
3 918 334 63 
3 615 377 763 
3 950 582 288 
3 491 584 828 
3 724 467 918 
3 334 0 63 
3 586 425 585 
3 132 289 861 
3 265 768 123 
3 17 150 95 
3 254 769 521 
3 769 254 668 
3 124 166 862 
3 329 590 124 
3 457 742 18 
3 52 391 902 
3 33 338 301 
3 954 34 591 
3 221 922 68 
3 291 96 292 
3 106 291 292 
3 727 482 469 
3 593 202 358 
3 772 869 371 
3 593 699 185 
3 774 137 430 
3 392 273 775 
3 957 956 873 
3 72 431 125 
3 801 205 432 
3 599 299 298 
3 779 497 257 
3 604 554 139 
3 729 556 232 
3 730 111 374 
3 731 833 783 
3 877 878 255 
3 820 437 843 
3 784 785 880 
3 701 527 558 
3 609 77 612 
3 375 985 77 
3 77 235 612 
3 78 435 986 
3 435 140 986 
3 113 985 662 
3 439 613 100 
3 809 439 747 
3 345 787 883 
3 208 30 928 
3 37 208 141 
3 617 143 58 
3 210 502 159 
3 142 629 239 
3 83 442 622 
3 114 625 788 
3 170 733 443 
3 732 306 241 
3 127 962 306 
3 307 993 930 
3 722 507 308 
3 389 362 507 
3 703 411 39 
3 531 637 508 
3 533 508 637 
3 638 565 116 
3 118 963 87 
3 790 473 885 
3 790 530 22 
3 473 644 639 
3 931 310 704 
3 965 510 61 
3 646 536 311 
3 378 702 808 
3 998 806 313 
3 245 381 650 
3 517 246 968 
3 889 651 194 
3 449 398 641 
3 641 398 890 
3 655 652 450 
3 651 892 247 
3 708 649 657 
3 649 803 657 
3 452 805 801 
3 381 856 970 
3 935 997 658 
3 971 758 572 
3 944 399 839 
3 944 809 399 
3 31 661 318 
3 736 456 599 
3 250 945 811 
3 945 813 478 
3 841 664 946 
3 600 140 230 
3 827 955 665 
3 196 666 999 
3 999 666 760 
3 215 145 427 
3 815 3 66 
3 1000 668 24 
3 320 144 175 
3 350 349 332 
3 25 791 978 
3 776 717 873 
3 842 253 458 
3 216 974 900 
3 900 147 546 
3 1 479 676 
3 459 949 326 
3 177 148 333 
3 479 24 254 
3 402 254 901 
3 550 685 820 
3 683 41 549 
3 549 41 149 
3 589 150 165 
3 825 906 44 
3 331 403 465 
3 262 466 404 
3 329 726 590 
3 590 726 921 
3 154 864 290 
3 470 699 595 
3 699 470 185 
3 728 924 71 
3 603 433 134 
3 303 8 483 
3 143 617 929 
3 641 474 534 
3 932 387 535 
3 535 387 310 
3 942 543 542 
3 477 155 735 
3 1000 103 426 
3 94 843 615 
3 550 462 823 
3 958 875 43 
3 694 746 849 
3 99 29 436 
3 850 389 851 
3 160 852 962 
3 445 59 534 
3 853 422 854 
3 914 855 753 
3 571 213 755 
3 390 363 214 
3 390 214 489 
3 103 176 364 
3 551 696 581 
3 287 581 696 
3 765 860 337 
3 767 123 768 
3 862 166 356 
3 34 845 338 
3 979 223 293 
3 847 202 224 
3 6 300 978 
3 6 125 524 
3 48 92 984 
3 498 605 76 
3 233 876 56 
3 435 78 303 
3 783 877 500 
3 526 701 784 
3 78 986 987 
3 560 409 236 
3 82 30 578 
3 529 618 991 
3 504 211 305 
3 504 305 240 
3 734 396 630 
3 172 995 117 
3 704 509 793 
3 998 313 511 
3 173 640 397 
3 838 512 805 
3 894 174 712 
3 248 810 895 
3 50 196 999 
3 427 742 130 
3 406 198 42 
3 719 200 178 
3 179 96 743 
3 515 267 482 
3 267 469 482 
3 592 515 482 
3 825 905 906 
3 722 102 909 
3 886 911 752 
3 569 465 913 
3 422 517 516 
3 517 914 516 
3 826 5 421 
3 759 518 262 
3 672 575 858 
3 424 576 284 
3 334 918 762 
3 336 217 976 
3 17 520 265 
3 153 219 166 
3 726 460 921 
3 154 863 133 
3 353 468 683 
3 222 922 771 
3 922 522 771 
3 727 469 772 
3 296 268 70 
3 524 204 300 
3 180 27 92 
3 983 261 76 
3 344 830 525 
3 605 729 344 
3 407 186 233 
3 187 730 472 
3 832 408 270 
3 408 234 270 
3 77 985 113 
3 943 614 613 
3 345 928 30 
3 503 379 410 
3 834 732 115 
3 732 241 733 
3 379 930 992 
3 530 734 190 
3 835 630 346 
3 308 191 102 
3 102 386 750 
3 192 533 637 
3 192 243 533 
3 22 473 790 
3 565 996 89 
3 932 933 387 
3 648 647 536 
3 194 272 476 
3 539 691 450 
3 92 383 545 
3 54 947 146 
3 737 352 351 
3 717 842 873 
3 576 819 817 
3 402 901 679 
3 682 258 327 
3 275 828 764 
3 764 514 275 
3 587 764 977 
3 200 844 290 
3 279 720 689 
3 829 260 279 
3 157 384 225 
3 226 357 693 
3 330 602 982 
3 229 483 7 
3 483 8 98 
3 607 555 745 
3 904 557 695 
3 376 99 235 
3 908 722 686 
3 564 909 962 
3 564 962 127 
3 243 192 59 
3 965 61 447 
3 447 61 887 
3 422 246 517 
3 331 753 645 
3 403 645 570 
3 485 855 212 
3 423 755 803 
3 756 572 571 
3 857 183 757 
3 757 405 939 
3 758 161 915 
3 161 488 915 
3 363 128 453 
3 827 263 215 
3 573 417 146 
3 251 671 34 
3 673 216 162 
3 577 580 819 
3 580 678 819 
3 490 286 42 
3 334 762 580 
3 368 163 104 
3 696 551 741 
3 336 287 354 
3 696 741 275 
3 822 288 765 
3 425 918 585 
3 859 425 588 
3 861 725 766 
3 977 588 95 
3 697 153 921 
3 770 492 18 
3 468 278 200 
3 863 742 427 
3 591 671 771 
3 372 979 816 
3 293 816 979 
3 67 291 982 
3 981 982 291 
3 292 201 846 
3 106 292 867 
3 866 978 698 
3 923 68 203 
3 371 727 772 
3 358 494 357 
3 552 294 848 
3 224 593 185 
3 430 137 69 
3 296 596 430 
3 523 470 870 
3 227 728 273 
3 873 956 167 
3 297 715 597 
3 598 342 874 
3 342 228 455 
3 874 342 455 
3 698 300 105 
3 980 981 105 
3 330 982 269 
3 269 982 981 
3 74 109 230 
3 947 11 320 
3 777 343 75 
3 27 55 418 
3 48 984 28 
3 56 876 606 
3 229 74 778 
3 343 496 779 
3 302 360 499 
3 778 140 435 
3 926 304 419 
3 375 77 609 
3 360 877 681 
3 681 877 255 
3 877 783 878 
3 783 110 878 
3 694 436 879 
3 700 610 832 
3 234 527 701 
3 234 701 526 
3 880 785 611 
3 79 377 615 
3 616 440 960 
3 440 616 189 
3 927 438 882 
3 642 528 566 
3 990 80 142 
3 164 881 189 
3 677 929 676 
3 209 210 159 
3 143 441 619 
3 788 115 170 
3 443 733 624 
3 240 305 625 
3 84 626 504 
3 241 505 789 
3 306 852 505 
3 505 751 323 
3 632 87 850 
3 633 634 751 
3 751 634 51 
3 308 636 635 
3 636 242 635 
3 752 912 242 
3 117 995 309 
3 142 793 629 
3 80 795 704 
3 795 931 704 
3 509 794 995 
3 795 643 931 
3 796 421 932 
3 90 969 639 
3 311 647 706 
3 312 836 567 
3 988 707 536 
3 707 648 536 
3 313 806 245 
3 799 650 649 
3 651 247 194 
3 449 451 653 
3 449 653 398 
3 656 452 801 
3 247 709 802 
3 806 807 381 
3 711 971 807 
3 658 712 936 
3 174 943 513 
3 195 248 758 
3 896 736 599 
3 759 249 250 
3 283 812 897 
3 714 9 813 
3 477 664 841 
3 664 987 986 
3 129 815 91 
3 227 827 665 
3 544 400 215 
3 215 130 666 
3 667 364 715 
3 103 760 457 
3 669 33 301 
3 51 898 974 
3 135 899 493 
3 899 35 493 
3 546 718 738 
3 40 177 818 
3 901 370 680 
3 548 0 334 
3 337 258 461 
3 902 692 259 
3 259 480 285 
3 549 149 692 
3 285 480 917 
3 692 149 480 
3 366 823 462 
3 823 685 550 
3 165 150 481 
3 179 720 260 
3 693 225 151 
3 744 97 463 
3 849 825 44 
3 686 564 562 
3 721 562 282 
3 752 86 886 
3 516 13 331 
3 465 403 913 
3 262 14 466 
3 466 14 183 
3 404 466 857 
3 468 290 864 
3 223 203 222 
3 872 341 297 
3 432 108 801 
3 344 729 830 
3 729 231 830 
3 830 231 831 
3 186 472 233 
3 558 559 169 
3 111 9 49 
3 84 619 502 
3 930 190 627 
3 627 835 38 
3 243 171 533 
3 473 22 644 
3 911 641 534 
3 796 932 535 
3 387 934 193 
3 537 937 836 
3 475 836 837 
3 272 449 412 
3 476 412 314 
3 540 838 541 
3 543 195 840 
3 945 478 811 
3 155 841 413 
3 273 91 544 
3 146 417 54 
3 672 414 575 
3 817 949 459 
3 739 548 197 
3 696 275 328 
3 354 696 328 
3 218 481 123 
3 329 178 278 
3 726 329 52 
3 201 96 260 
3 384 157 19 
3 226 151 552 
3 463 871 416 
3 204 524 108 
3 168 206 53 
3 330 10 602 
3 98 48 483 
3 48 28 483 
3 56 606 180 
3 905 695 232 
3 612 99 436 
3 613 558 100 
3 989 281 81 
3 159 502 441 
3 909 160 962 
3 160 633 852 
3 910 420 640 
3 312 60 61 
3 967 853 854 
3 853 799 422 
3 799 246 422 
3 13 914 753 
3 213 857 486 
3 487 283 161 
3 390 31 363 
3 215 666 827 
3 547 238 677 
3 1001 149 256 
3 62 684 917 
3 684 366 461 
3 762 335 951 
3 335 491 952 
3 583 491 828 
3 199 581 163 
3 582 377 976 
3 696 354 287 
3 275 583 828 
3 289 919 861 
3 588 586 17 
3 521 46 901 
3 901 46 218 
3 220 165 920 
3 278 353 391 
3 3 683 864 
3 3 864 66 
3 816 293 771 
3 35 978 866 
3 867 292 592 
3 224 202 593 
3 252 385 372 
3 47 373 157 
3 223 773 494 
3 358 223 494 
3 184 19 594 
3 775 184 392 
3 595 226 553 
3 137 295 69 
3 848 294 71 
3 341 744 955 
3 269 980 168 
3 874 455 599 
3 299 109 601 
3 601 109 359 
3 983 138 343 
3 407 181 8 
3 496 831 497 
3 139 554 498 
3 231 302 782 
3 782 302 499 
3 782 499 256 
3 876 233 607 
3 608 78 187 
3 608 187 186 
3 746 700 126 
3 784 880 437 
3 437 880 843 
3 169 785 701 
3 112 78 987 
3 659 809 45 
3 439 809 943 
3 561 927 361 
3 927 882 988 
3 207 786 566 
3 881 164 377 
3 989 616 57 
3 141 208 394 
3 578 30 37 
3 676 617 1 
3 40 209 238 
3 621 410 992 
3 12 621 38 
3 442 395 623 
3 504 282 211 
3 379 628 307 
3 628 172 307 
3 630 396 632 
3 633 85 634 
3 85 532 703 
3 634 703 898 
3 508 171 994 
3 243 638 171 
3 885 87 396 
3 911 886 244 
3 474 890 89 
3 446 89 495 
3 704 310 509 
3 643 887 796 
3 934 448 705 
3 448 90 705 
3 645 485 90 
3 705 90 644 
3 644 90 639 
3 786 311 510 
3 786 510 965 
3 510 706 312 
3 510 312 61 
3 808 997 888 
3 937 797 511 
3 855 754 212 
3 173 314 380 
3 938 708 889 
3 708 651 889 
3 653 315 654 
3 998 454 893 
3 454 840 893 
3 997 894 712 
3 712 174 513 
3 661 413 318 
3 128 896 455 
3 897 713 249 
3 145 400 133 
3 383 973 545 
3 146 350 332 
3 319 716 670 
3 458 789 323 
3 623 624 674 
3 351 122 324 
3 597 717 776 
3 459 40 818 
3 550 843 94 
3 257 149 41 
3 354 328 156 
3 553 903 824 
3 206 204 432 
3 603 134 10 
3 181 98 8 
3 419 44 555 
3 388 849 44 
3 182 126 904 
3 825 904 905 
3 906 905 556 
3 440 959 646 
3 281 345 748 
3 621 529 410 
3 907 961 210 
3 631 721 346 
3 687 908 686 
3 686 909 564 
3 562 564 563 
3 568 569 913 
3 517 968 754 
3 517 754 914 
3 331 13 753 
3 915 488 262 
3 488 759 262 
3 262 518 14 
3 183 14 405 
3 405 14 972 
3 332 672 858 
3 916 858 574 
3 216 761 152 
3 152 761 365 
3 238 547 148 
3 406 286 264 
3 918 467 762 
3 581 287 723 
3 976 723 336 
3 104 163 723 
3 723 976 104 
3 828 584 724 
3 859 724 425 
3 919 276 725 
3 520 65 768 
3 586 585 520 
3 920 46 220 
3 153 166 590 
3 64 219 153 
3 921 153 590 
3 468 200 290 
3 683 468 864 
3 865 338 689 
3 338 845 689 
3 340 339 867 
3 868 340 107 
3 493 340 868 
3 469 267 295 
3 71 184 775 
3 595 357 226 
3 429 470 523 
3 224 185 429 
3 870 268 523 
3 728 71 775 
3 728 775 273 
3 715 341 667 
3 297 341 715 
3 776 872 297 
3 300 6 524 
3 72 108 431 
3 204 980 105 
3 981 980 269 
3 471 298 601 
3 139 76 261 
3 76 525 983 
3 138 830 831 
3 925 231 782 
3 780 782 256 
3 8 608 407 
3 186 187 472 
3 187 112 730 
3 233 472 926 
3 472 393 926 
3 557 832 270 
3 731 557 833 
3 557 270 833 
3 783 833 110 
3 833 526 110 
3 613 439 943 
3 189 881 440 
3 928 883 795 
3 189 368 164 
3 82 748 30 
3 503 141 239 
3 305 563 834 
3 733 241 624 
3 410 379 992 
3 930 993 530 
3 346 630 631 
3 750 386 85 
3 308 635 191 
3 635 192 531 
3 191 531 386 
3 386 531 532 
3 117 22 530 
3 534 912 911 
3 474 641 890 
3 89 446 565 
3 931 535 310 
3 932 5 933 
3 387 933 934 
3 648 271 647 
3 836 937 966 
3 938 889 690 
3 194 652 272 
3 652 539 450 
3 450 691 23 
3 23 541 891 
3 942 119 839 
3 840 195 711 
3 711 195 971 
3 518 811 660 
3 660 735 661 
3 813 9 987 
3 813 987 664 
3 413 946 456 
3 103 457 426 
3 319 670 947 
3 545 322 321 
3 575 414 671 
3 596 737 351 
3 352 152 325 
3 717 253 842 
3 675 842 948 
3 948 842 162 
3 761 900 899 
3 900 546 899 
3 899 738 35 
3 817 819 949 
3 197 548 334 
3 741 198 583 
3 199 490 551 
3 275 741 583 
3 328 275 514 
3 953 514 587 
3 276 156 328 
3 481 218 920 
3 165 355 589 
3 862 355 277 
3 178 277 719 
3 124 178 329 
3 200 719 844 
3 52 902 975 
3 279 954 829 
3 260 96 179 
3 428 720 179 
3 67 428 179 
3 982 602 67 
3 846 201 221 
3 515 846 923 
3 267 515 847 
3 868 107 727 
3 151 384 294 
3 225 693 773 
3 357 699 358 
3 824 870 553 
3 416 871 665 
3 957 70 956 
3 125 431 524 
3 204 108 432 
3 205 228 53 
3 342 53 228 
3 204 206 980 
3 54 958 43 
3 958 418 875 
3 875 418 604 
3 27 180 55 
3 180 98 181 
3 606 781 55 
3 606 876 745 
3 781 745 554 
3 554 745 280 
3 555 44 280 
3 434 906 556 
3 44 419 388 
3 419 304 388 
3 304 609 388 
3 182 746 126 
3 905 904 695 
3 904 126 557 
3 612 436 609 
3 29 99 45 
3 29 45 747 
3 45 99 659 
3 560 559 409 
3 281 528 787 
3 208 37 30 
3 159 441 929 
3 143 929 441 
3 617 58 15 
3 209 907 210 
3 620 410 529 
3 626 749 504 
3 749 484 282 
3 484 346 721 
3 484 721 282 
3 631 850 851 
3 389 507 908 
3 908 507 722 
3 909 102 750 
3 909 750 160 
3 160 750 633 
3 964 86 362 
3 963 792 964 
3 636 86 752 
3 964 792 420 
3 910 886 86 
3 192 242 59 
3 912 59 242 
3 59 445 243 
3 59 912 534 
3 638 243 445 
3 566 965 447 
3 60 567 826 
3 887 60 796 
3 568 967 569 
3 967 245 853 
3 914 754 855 
3 650 381 423 
3 381 970 423 
3 423 970 755 
3 970 856 571 
3 856 756 571 
3 756 971 572 
3 213 404 857 
3 486 857 757 
3 857 466 183 
3 572 758 915 
3 283 897 249 
3 488 249 759 
3 14 660 489 
3 390 661 31 
3 263 544 215 
3 263 827 227 
3 742 760 130 
3 176 103 1000 
3 383 417 573 
3 984 92 669 
3 573 332 916 
3 349 131 332 
3 957 948 737 
3 238 177 40 
3 681 255 685 
3 821 285 740 
3 258 519 461 
3 367 264 82 
3 82 286 579 
3 406 264 274 
3 490 579 286 
3 42 286 406 
3 678 580 762 
3 163 989 199 
3 368 989 163 
3 581 723 163 
3 199 551 581 
3 763 377 582 
3 582 217 288 
3 950 288 822 
3 822 765 369 
3 0 585 63 
3 918 63 585 
3 828 724 764 
3 425 586 588 
3 369 765 337 
3 860 276 919 
3 953 276 328 
3 977 64 587 
3 953 587 64 
3 919 289 337 
3 65 0 767 
3 254 521 901 
3 920 218 46 
3 769 266 46 
3 355 165 492 
3 277 355 26 
3 219 977 356 
3 64 977 219 
3 460 726 975 
3 52 975 726 
3 26 492 770 
3 254 24 668 
3 266 426 457 
3 18 266 457 
3 18 742 770 
3 278 391 52 
3 902 391 353 
3 353 278 468 
3 290 844 863 
3 863 427 133 
3 154 133 66 
3 433 865 134 
3 689 845 279 
3 428 865 689 
3 591 34 671 
3 522 591 771 
3 771 671 816 
3 829 221 260 
3 221 201 260 
3 866 105 106 
3 106 339 866 
3 866 339 340 
3 846 592 292 
3 107 592 482 
3 868 135 493 
3 846 221 923 
3 68 923 221 
3 293 223 222 
3 203 847 923 
3 727 371 135 
3 267 847 224 
3 869 772 137 
3 869 137 774 
3 157 373 131 
3 225 47 157 
3 131 594 157 
3 716 392 184 
3 392 716 175 
3 358 699 593 
3 69 295 429 
3 69 429 296 
3 523 296 429 
3 903 553 226 
3 957 596 70 
3 136 71 294 
3 392 175 273 
3 728 227 924 
3 924 227 665 
3 744 416 955 
3 341 955 667 
3 297 597 776 
3 495 72 36 
3 72 495 656 
3 53 432 205 
3 298 874 599 
3 330 168 342 
3 600 109 299 
3 109 600 230 
3 109 4 359 
3 11 144 320 
3 777 144 11 
3 958 54 417 
3 947 43 11 
3 27 383 92 
3 418 417 383 
3 92 98 180 
3 983 11 261 
3 343 777 983 
3 75 343 779 
3 604 139 875 
3 984 20 28 
3 28 20 7 
3 28 7 483 
3 74 229 7 
3 779 496 497 
3 496 343 138 
3 138 983 525 
3 496 138 831 
3 497 780 257 
3 497 831 925 
3 257 780 256 
3 525 76 344 
3 498 554 280 
3 605 498 434 
3 499 360 681 
3 745 876 607 
3 56 181 233 
3 181 407 233 
3 607 233 926 
3 607 926 555 
3 8 303 608 
3 303 778 435 
3 187 78 112 
3 926 393 304 
3 730 374 393 
3 730 112 111 
3 393 374 375 
3 375 374 985 
3 360 500 877 
3 158 731 500 
3 500 731 783 
3 255 878 820 
3 746 694 879 
3 694 609 436 
3 879 29 610 
3 832 610 408 
3 820 110 437 
3 234 408 527 
3 784 701 785 
3 785 101 611 
3 558 169 701 
3 610 100 408 
3 112 987 9 
3 985 49 662 
3 662 812 113 
3 613 409 559 
3 99 376 659 
3 409 614 237 
3 702 378 438 
3 501 79 615 
3 438 378 882 
3 883 528 642 
3 80 990 394 
3 990 141 394 
3 281 579 81 
3 579 281 748 
3 748 82 579 
3 1 617 15 
3 617 676 929 
3 929 677 238 
3 884 58 114 
3 83 884 442 
3 619 114 143 
3 502 619 441 
3 464 618 529 
3 620 21 141 
3 622 442 623 
3 442 884 395 
3 884 788 170 
3 114 619 625 
3 623 443 624 
3 619 240 625 
3 961 12 626 
3 305 211 563 
3 624 241 789 
3 732 127 306 
3 12 506 749 
3 38 992 627 
3 749 506 346 
3 379 307 930 
3 628 239 172 
3 172 117 993 
3 734 530 790 
3 734 790 396 
3 632 396 87 
3 51 634 898 
3 898 703 39 
3 102 722 308 
3 507 362 636 
3 39 411 25 
3 531 192 637 
3 25 994 791 
3 994 444 791 
3 533 171 508 
3 994 171 116 
3 116 444 994 
3 636 362 86 
3 242 636 752 
3 444 565 36 
3 885 396 790 
3 118 792 963 
3 530 993 117 
3 309 22 117 
3 885 473 639 
3 2 420 792 
3 445 565 638 
3 446 36 565 
3 911 244 538 
3 36 446 495 
3 142 80 793 
3 629 509 995 
3 509 310 193 
3 995 794 309 
3 931 643 535 
3 535 643 796 
3 642 566 447 
3 642 447 643 
3 309 794 705 
3 309 705 644 
3 933 570 448 
3 933 5 570 
3 88 969 212 
3 88 212 2 
3 311 536 647 
3 312 837 836 
3 567 836 966 
3 646 988 536 
3 648 888 271 
3 988 808 707 
3 888 997 935 
3 537 658 936 
3 966 511 568 
3 937 537 797 
3 797 936 941 
3 797 941 998 
3 967 313 245 
3 2 798 640 
3 244 314 538 
3 968 246 938 
3 246 649 938 
3 938 649 708 
3 194 247 652 
3 890 654 89 
3 654 315 800 
3 89 800 495 
3 495 800 656 
3 316 891 656 
3 656 891 452 
3 802 709 539 
3 892 708 657 
3 649 423 803 
3 657 803 486 
3 709 657 804 
3 804 757 939 
3 804 939 940 
3 801 805 205 
3 838 540 317 
3 940 939 972 
3 317 214 363 
3 710 363 453 
3 205 453 228 
3 245 806 381 
3 806 998 893 
3 381 807 856 
3 454 941 543 
3 454 543 840 
3 856 807 756 
3 936 513 542 
3 542 513 942 
3 894 702 237 
3 942 513 119 
3 174 237 614 
3 119 513 943 
3 758 895 487 
3 944 943 809 
3 399 809 659 
3 810 399 659 
3 810 659 376 
3 228 453 455 
3 453 128 455 
3 128 31 318 
3 128 318 896 
3 661 347 413 
3 318 413 736 
3 518 250 811 
3 250 714 945 
3 713 897 662 
3 897 812 662 
3 713 662 49 
3 599 456 299 
3 456 946 663 
3 946 986 814 
3 299 663 600 
3 814 986 140 
3 91 273 175 
3 227 273 263 
3 815 75 3 
3 827 196 955 
3 196 827 666 
3 50 364 667 
3 382 597 715 
3 364 120 715 
3 382 120 32 
3 176 32 120 
3 427 130 215 
3 1000 32 176 
3 32 1000 24 
3 947 670 146 
3 20 669 301 
3 669 20 984 
3 545 973 93 
3 321 322 33 
3 322 251 34 
3 319 175 716 
3 670 716 348 
3 25 978 718 
3 323 673 458 
3 546 147 39 
3 674 597 622 
3 624 789 253 
3 430 351 774 
3 430 596 351 
3 351 352 122 
3 869 324 371 
3 737 688 352 
3 122 325 135 
3 873 842 675 
3 676 479 547 
3 24 479 1 
3 21 326 578 
3 40 459 618 
3 21 991 326 
3 367 949 678 
3 949 819 678 
3 479 254 402 
3 679 901 680 
3 1001 681 685 
3 1001 499 681 
3 615 843 611 
3 779 257 3 
3 41 3 257 
3 132 327 289 
3 132 682 327 
3 289 258 337 
3 682 821 740 
3 902 353 692 
3 917 480 62 
3 369 366 822 
3 950 94 763 
